nalunalu51,@midnitehour0404,53s53 seconds ago,got Bali Buda's Raw Honeylove this honey#bali#canggu#balibuda#美味しい#野菜の煮物にこのハチミツとココナッツシュガーを使う#1本はベストフレンドファミリーのお土産pic.twitter.com/xqZ1dsZysm,
カフェログ,@cafeloggg,3m3 minutes ago,【カフェマメヒコ@渋谷】wifi・全席電源ありのノマドカフェ平日はあんまり混んでないし、静かで長居できる就活生の神様もちろんコーヒーが美味しいしご飯のメニューもちゃんとあります今回は豆豆サラダとマメパンを食べましたどっちも美味しくてリピ決定#カフェログpic.twitter.com/FgYYC68NW5,
花,@hana0329,24m24 minutes ago,はぁ…はぁ……まだ子供なのでお肉が柔らかいですね…肉汁が滴るほどジューシーで…将来神絵師になりそうな……可能性の味がする……美味しい！！,
怒花亭　進虫＠小説家になろう&カクヨム,@meizin39,24m24 minutes ago,恐竜ハンターは美味しい仕事 - カクヨム https://kakuyomu.jp/works/1177354054885088631 …表紙用にヒロインのセラミックこと瀬良美久さんを凄腕絵師キウイ将軍に描いてもらいました。pic.twitter.com/Z0PpTqj4k4,
きみへー,@kimihei,49m49 minutes ago,ちょっと待って！焼き牡蠣に日本酒の振る舞いがあるんだけど！！歩道橋渡ったあと。小長井の牡蠣と日本酒・杵の川。超美味しいです！ご馳走さまです！！(*´ω｀*) pic.twitter.com/2A9GReFMEs,
神崎　司＠ニートライフ,@tsukasavivim01,50m50 minutes ago,好きなことをして、好きな場所に行き、美味しいものを食べて日々充実しています♪親孝行、彼女孝行もでき毎日幸せになりました！LIEN＠でノウハウ配信中！http://changerion.info/w/29T2e8XC pic.twitter.com/wRXAeTdp4J,
シャーレくんと名付け親,@ideschale,1h1 hour ago,諫早の駅からちょっと歩いてるだけで-がんばれレッズ  のプラカードを持った子供たちの一群-冷たいお茶どうぞー-美味しいプチトマトどうぞーと 息つく間もないこれ、「歩かせる工夫」だよなー,
オイカワマル,@oikawamaru,1h1 hour ago,水道水の水源となっているダムも、美味しい農作物を生産している干拓地も、私がいま乗っている新幹線も、多くの野生生物の生息地と命を奪ってできたものであることは、常々心の片隅に置いておくべきことなのです。,
ニュージーランド政府観光局,@PureNZinJapan,2h2 hours ago,【プレゼントキャンペーン】旅サラダを見てNZに行きたくなりましたね！番組で紹介されたクイーンズタウンで、以下のどちらを体験してみたいですか？こちらのツイートをRTし質問に答えた方の中から抽選で@cookietimejp 様の美味しいクッキーをプレゼントいたします！ #旅サラダNZ　 #クッキータイム,
藤城リエ / りえ,@FujishiroRie,2h2 hours ago,みんな〜！！寒い中ありがとう〜！！暖かくしてね〜！あとフジヤマサイダーが美味しいよ〜！ pic.twitter.com/tbS2LnaIEA,
JUN MASUDA,@intensive911,2h2 hours ago,#親子丼#美味しい #写真 #ブログ #japanesefood #instagood #instagram #instalike #instaphoto #instapic #instadaily #photography #photooftheday #photo #followmePlease check instagram"intensive911"pic.twitter.com/kZkpvyEJ3V,
Fuwatto まるやまキッチン,@fuwattomaruyama,2h2 hours ago,3/10(土)札幌、久しぶりの晴れもうここから春でしょ！！今日は土曜日お出かけの日、天気もいいし～(*^▽^)/★*☆♪本日も選んで楽しい見て嬉しい食べて美味しい～オムライスでお待ちしております。(*^ー^)ノ♪ pic.twitter.com/S5MegIPfGp,
「ここ一番美味しいとこ」 ✨,@twistedthursday,2h2 hours ago,ensemble cast of pure looking, nhk-approved actors ,
「ここ一番美味しいとこ」 ✨,@twistedthursday,2h2 hours ago,she appeared in the last two episodes, small role, but totally there xD gila deh, dan itu semua sebelum mereka je heroine. and two of the dudes too! sakaken in totonee and kengo kora in ohisama.,
ÂK4Real @ Katsu-Edit Boat  ⛵️ | カレー美味しい,@OfficialAK4Real,3h3 hours ago,Hi I'm AK and I'm here to ruin the day.,
立ち上がれマスクマン,@7masukumann7,3h3 hours ago,おはようございます福岡県マスクマン地域は朝から晴天気持ちのよい土曜日ですね~今日も笑顔で~やわもちシリーズ4つ目「わらびもち」これも美味しいです！きなことわらびもちが絶妙〜和アイス〜ハマりますね〜今日も1日素敵な土曜日をお過ごしくださいよろしくです~ pic.twitter.com/BZeHr6uG6I,
不識庵謙信（影武者）,@fushikiankage,3h3 hours ago,３月９日『二郎 神田神保町』にて小ラーメンそのまま（初見だし神保町店は麺量が凄いと聞いていた＋ロットを崩さない為に）これが神田神保町店かー噂には聞いていたけど美味しい肉も柔らかく最高でしたそしてロット１抜けでした。ご馳走様でした pic.twitter.com/waJ3hP9k7H,
しょ一けん,@sho_ken91,3h3 hours ago,松屋製麺所@つくば市らーめん＋山水で育ったご飯今日の朝飯鹿島へ行く前に久しぶりの訪問モチモチツルツルの麺に節の香りがいいスープ、美味いご飯も美味しいご馳走様でした pic.twitter.com/HXVp8awEo6,
かくみや,@kakumiya66611,3h3 hours ago,昨夜の金町製麺沢山美味しいお料理を頂きましたが無精者のワタシはコレだけしか写真撮って残してない(^◇^;)幹事さん、皆さん、有難うございました！鴨肉、燻製臭も素晴らしく絶品だった pic.twitter.com/GYYmVENrkp,
チョコクロワッサン,@Yokohamacky,4h4 hours ago,ラーメン二郎　めじろ台店小汁なしと生卵移転してから初訪問のお味は？豚さんが柔らかく美味いやっぱ汁なしは美味しいなごちそうさまでした pic.twitter.com/ViJwNBANkr,
nalunalu51,@midnitehour0404,55s55 seconds ago,got Bali Buda's Raw Honeylove this honey#bali#canggu#balibuda#美味しい#野菜の煮物にこのハチミツとココナッツシュガーを使う#1本はベストフレンドファミリーのお土産pic.twitter.com/xqZ1dsZysm,
大井川で逢いましょう,@oigawa_online,1m1 minute ago,大井川で逢いましょうSLフェスタin千頭楽しいよー　美味しいものがたくさんあるから、遊びに来てね～。,
カフェログ,@cafeloggg,3m3 minutes ago,【カフェマメヒコ@渋谷】wifi・全席電源ありのノマドカフェ平日はあんまり混んでないし、静かで長居できる就活生の神様もちろんコーヒーが美味しいしご飯のメニューもちゃんとあります今回は豆豆サラダとマメパンを食べましたどっちも美味しくてリピ決定#カフェログpic.twitter.com/FgYYC68NW5,
花,@hana0329,24m24 minutes ago,はぁ…はぁ……まだ子供なのでお肉が柔らかいですね…肉汁が滴るほどジューシーで…将来神絵師になりそうな……可能性の味がする……美味しい！！,
怒花亭　進虫＠小説家になろう&カクヨム,@meizin39,24m24 minutes ago,恐竜ハンターは美味しい仕事 - カクヨム https://kakuyomu.jp/works/1177354054885088631 …表紙用にヒロインのセラミックこと瀬良美久さんを凄腕絵師キウイ将軍に描いてもらいました。pic.twitter.com/Z0PpTqj4k4,
きみへー,@kimihei,49m49 minutes ago,ちょっと待って！焼き牡蠣に日本酒の振る舞いがあるんだけど！！歩道橋渡ったあと。小長井の牡蠣と日本酒・杵の川。超美味しいです！ご馳走さまです！！(*´ω｀*) pic.twitter.com/2A9GReFMEs,
神崎　司＠ニートライフ,@tsukasavivim01,50m50 minutes ago,好きなことをして、好きな場所に行き、美味しいものを食べて日々充実しています♪親孝行、彼女孝行もでき毎日幸せになりました！LIEN＠でノウハウ配信中！http://changerion.info/w/29T2e8XC pic.twitter.com/wRXAeTdp4J,
シャーレくんと名付け親,@ideschale,1h1 hour ago,諫早の駅からちょっと歩いてるだけで-がんばれレッズ  のプラカードを持った子供たちの一群-冷たいお茶どうぞー-美味しいプチトマトどうぞーと 息つく間もないこれ、「歩かせる工夫」だよなー,
オイカワマル,@oikawamaru,1h1 hour ago,水道水の水源となっているダムも、美味しい農作物を生産している干拓地も、私がいま乗っている新幹線も、多くの野生生物の生息地と命を奪ってできたものであることは、常々心の片隅に置いておくべきことなのです。,
ニュージーランド政府観光局,@PureNZinJapan,2h2 hours ago,【プレゼントキャンペーン】旅サラダを見てNZに行きたくなりましたね！番組で紹介されたクイーンズタウンで、以下のどちらを体験してみたいですか？こちらのツイートをRTし質問に答えた方の中から抽選で@cookietimejp 様の美味しいクッキーをプレゼントいたします！ #旅サラダNZ　 #クッキータイム,
藤城リエ / りえ,@FujishiroRie,2h2 hours ago,みんな〜！！寒い中ありがとう〜！！暖かくしてね〜！あとフジヤマサイダーが美味しいよ〜！ pic.twitter.com/tbS2LnaIEA,
JUN MASUDA,@intensive911,2h2 hours ago,#親子丼#美味しい #写真 #ブログ #japanesefood #instagood #instagram #instalike #instaphoto #instapic #instadaily #photography #photooftheday #photo #followmePlease check instagram"intensive911"pic.twitter.com/kZkpvyEJ3V,
Fuwatto まるやまキッチン,@fuwattomaruyama,2h2 hours ago,3/10(土)札幌、久しぶりの晴れもうここから春でしょ！！今日は土曜日お出かけの日、天気もいいし～(*^▽^)/★*☆♪本日も選んで楽しい見て嬉しい食べて美味しい～オムライスでお待ちしております。(*^ー^)ノ♪ pic.twitter.com/S5MegIPfGp,
「ここ一番美味しいとこ」 ✨,@twistedthursday,2h2 hours ago,ensemble cast of pure looking, nhk-approved actors ,
「ここ一番美味しいとこ」 ✨,@twistedthursday,2h2 hours ago,she appeared in the last two episodes, small role, but totally there xD gila deh, dan itu semua sebelum mereka je heroine. and two of the dudes too! sakaken in totonee and kengo kora in ohisama.,
ÂK4Real @ Katsu-Edit Boat  ⛵️ | カレー美味しい,@OfficialAK4Real,3h3 hours ago,Hi I'm AK and I'm here to ruin the day.,
立ち上がれマスクマン,@7masukumann7,3h3 hours ago,おはようございます福岡県マスクマン地域は朝から晴天気持ちのよい土曜日ですね~今日も笑顔で~やわもちシリーズ4つ目「わらびもち」これも美味しいです！きなことわらびもちが絶妙〜和アイス〜ハマりますね〜今日も1日素敵な土曜日をお過ごしくださいよろしくです~ pic.twitter.com/BZeHr6uG6I,
不識庵謙信（影武者）,@fushikiankage,3h3 hours ago,３月９日『二郎 神田神保町』にて小ラーメンそのまま（初見だし神保町店は麺量が凄いと聞いていた＋ロットを崩さない為に）これが神田神保町店かー噂には聞いていたけど美味しい肉も柔らかく最高でしたそしてロット１抜けでした。ご馳走様でした pic.twitter.com/waJ3hP9k7H,
しょ一けん,@sho_ken91,3h3 hours ago,松屋製麺所@つくば市らーめん＋山水で育ったご飯今日の朝飯鹿島へ行く前に久しぶりの訪問モチモチツルツルの麺に節の香りがいいスープ、美味いご飯も美味しいご馳走様でした pic.twitter.com/HXVp8awEo6,
かくみや,@kakumiya66611,3h3 hours ago,昨夜の金町製麺沢山美味しいお料理を頂きましたが無精者のワタシはコレだけしか写真撮って残してない(^◇^;)幹事さん、皆さん、有難うございました！鴨肉、燻製臭も素晴らしく絶品だった pic.twitter.com/GYYmVENrkp,
nalunalu51,@midnitehour0404,57s57 seconds ago,got Bali Buda's Raw Honeylove this honey#bali#canggu#balibuda#美味しい#野菜の煮物にこのハチミツとココナッツシュガーを使う#1本はベストフレンドファミリーのお土産pic.twitter.com/xqZ1dsZysm,
大井川で逢いましょう,@oigawa_online,1m1 minute ago,大井川で逢いましょうSLフェスタin千頭楽しいよー　美味しいものがたくさんあるから、遊びに来てね～。,
カフェログ,@cafeloggg,3m3 minutes ago,【カフェマメヒコ@渋谷】wifi・全席電源ありのノマドカフェ平日はあんまり混んでないし、静かで長居できる就活生の神様もちろんコーヒーが美味しいしご飯のメニューもちゃんとあります今回は豆豆サラダとマメパンを食べましたどっちも美味しくてリピ決定#カフェログpic.twitter.com/FgYYC68NW5,
花,@hana0329,24m24 minutes ago,はぁ…はぁ……まだ子供なのでお肉が柔らかいですね…肉汁が滴るほどジューシーで…将来神絵師になりそうな……可能性の味がする……美味しい！！,
怒花亭　進虫＠小説家になろう&カクヨム,@meizin39,24m24 minutes ago,恐竜ハンターは美味しい仕事 - カクヨム https://kakuyomu.jp/works/1177354054885088631 …表紙用にヒロインのセラミックこと瀬良美久さんを凄腕絵師キウイ将軍に描いてもらいました。pic.twitter.com/Z0PpTqj4k4,
きみへー,@kimihei,49m49 minutes ago,ちょっと待って！焼き牡蠣に日本酒の振る舞いがあるんだけど！！歩道橋渡ったあと。小長井の牡蠣と日本酒・杵の川。超美味しいです！ご馳走さまです！！(*´ω｀*) pic.twitter.com/2A9GReFMEs,
神崎　司＠ニートライフ,@tsukasavivim01,50m50 minutes ago,好きなことをして、好きな場所に行き、美味しいものを食べて日々充実しています♪親孝行、彼女孝行もでき毎日幸せになりました！LIEN＠でノウハウ配信中！http://changerion.info/w/29T2e8XC pic.twitter.com/wRXAeTdp4J,
シャーレくんと名付け親,@ideschale,1h1 hour ago,諫早の駅からちょっと歩いてるだけで-がんばれレッズ  のプラカードを持った子供たちの一群-冷たいお茶どうぞー-美味しいプチトマトどうぞーと 息つく間もないこれ、「歩かせる工夫」だよなー,
オイカワマル,@oikawamaru,1h1 hour ago,水道水の水源となっているダムも、美味しい農作物を生産している干拓地も、私がいま乗っている新幹線も、多くの野生生物の生息地と命を奪ってできたものであることは、常々心の片隅に置いておくべきことなのです。,
ニュージーランド政府観光局,@PureNZinJapan,2h2 hours ago,【プレゼントキャンペーン】旅サラダを見てNZに行きたくなりましたね！番組で紹介されたクイーンズタウンで、以下のどちらを体験してみたいですか？こちらのツイートをRTし質問に答えた方の中から抽選で@cookietimejp 様の美味しいクッキーをプレゼントいたします！ #旅サラダNZ　 #クッキータイム,
藤城リエ / りえ,@FujishiroRie,2h2 hours ago,みんな〜！！寒い中ありがとう〜！！暖かくしてね〜！あとフジヤマサイダーが美味しいよ〜！ pic.twitter.com/tbS2LnaIEA,
JUN MASUDA,@intensive911,2h2 hours ago,#親子丼#美味しい #写真 #ブログ #japanesefood #instagood #instagram #instalike #instaphoto #instapic #instadaily #photography #photooftheday #photo #followmePlease check instagram"intensive911"pic.twitter.com/kZkpvyEJ3V,
Fuwatto まるやまキッチン,@fuwattomaruyama,2h2 hours ago,3/10(土)札幌、久しぶりの晴れもうここから春でしょ！！今日は土曜日お出かけの日、天気もいいし～(*^▽^)/★*☆♪本日も選んで楽しい見て嬉しい食べて美味しい～オムライスでお待ちしております。(*^ー^)ノ♪ pic.twitter.com/S5MegIPfGp,
「ここ一番美味しいとこ」 ✨,@twistedthursday,2h2 hours ago,ensemble cast of pure looking, nhk-approved actors ,
「ここ一番美味しいとこ」 ✨,@twistedthursday,2h2 hours ago,she appeared in the last two episodes, small role, but totally there xD gila deh, dan itu semua sebelum mereka je heroine. and two of the dudes too! sakaken in totonee and kengo kora in ohisama.,
ÂK4Real @ Katsu-Edit Boat  ⛵️ | カレー美味しい,@OfficialAK4Real,3h3 hours ago,Hi I'm AK and I'm here to ruin the day.,
立ち上がれマスクマン,@7masukumann7,3h3 hours ago,おはようございます福岡県マスクマン地域は朝から晴天気持ちのよい土曜日ですね~今日も笑顔で~やわもちシリーズ4つ目「わらびもち」これも美味しいです！きなことわらびもちが絶妙〜和アイス〜ハマりますね〜今日も1日素敵な土曜日をお過ごしくださいよろしくです~ pic.twitter.com/BZeHr6uG6I,
不識庵謙信（影武者）,@fushikiankage,3h3 hours ago,３月９日『二郎 神田神保町』にて小ラーメンそのまま（初見だし神保町店は麺量が凄いと聞いていた＋ロットを崩さない為に）これが神田神保町店かー噂には聞いていたけど美味しい肉も柔らかく最高でしたそしてロット１抜けでした。ご馳走様でした pic.twitter.com/waJ3hP9k7H,
しょ一けん,@sho_ken91,3h3 hours ago,松屋製麺所@つくば市らーめん＋山水で育ったご飯今日の朝飯鹿島へ行く前に久しぶりの訪問モチモチツルツルの麺に節の香りがいいスープ、美味いご飯も美味しいご馳走様でした pic.twitter.com/HXVp8awEo6,
かくみや,@kakumiya66611,3h3 hours ago,昨夜の金町製麺沢山美味しいお料理を頂きましたが無精者のワタシはコレだけしか写真撮って残してない(^◇^;)幹事さん、皆さん、有難うございました！鴨肉、燻製臭も素晴らしく絶品だった pic.twitter.com/GYYmVENrkp,
nalunalu51,@midnitehour0404,59s59 seconds ago,got Bali Buda's Raw Honeylove this honey#bali#canggu#balibuda#美味しい#野菜の煮物にこのハチミツとココナッツシュガーを使う#1本はベストフレンドファミリーのお土産pic.twitter.com/xqZ1dsZysm,
大井川で逢いましょう,@oigawa_online,1m1 minute ago,大井川で逢いましょうSLフェスタin千頭楽しいよー　美味しいものがたくさんあるから、遊びに来てね～。,
カフェログ,@cafeloggg,3m3 minutes ago,【カフェマメヒコ@渋谷】wifi・全席電源ありのノマドカフェ平日はあんまり混んでないし、静かで長居できる就活生の神様もちろんコーヒーが美味しいしご飯のメニューもちゃんとあります今回は豆豆サラダとマメパンを食べましたどっちも美味しくてリピ決定#カフェログpic.twitter.com/FgYYC68NW5,
花,@hana0329,24m24 minutes ago,はぁ…はぁ……まだ子供なのでお肉が柔らかいですね…肉汁が滴るほどジューシーで…将来神絵師になりそうな……可能性の味がする……美味しい！！,
怒花亭　進虫＠小説家になろう&カクヨム,@meizin39,24m24 minutes ago,恐竜ハンターは美味しい仕事 - カクヨム https://kakuyomu.jp/works/1177354054885088631 …表紙用にヒロインのセラミックこと瀬良美久さんを凄腕絵師キウイ将軍に描いてもらいました。pic.twitter.com/Z0PpTqj4k4,
きみへー,@kimihei,49m49 minutes ago,ちょっと待って！焼き牡蠣に日本酒の振る舞いがあるんだけど！！歩道橋渡ったあと。小長井の牡蠣と日本酒・杵の川。超美味しいです！ご馳走さまです！！(*´ω｀*) pic.twitter.com/2A9GReFMEs,
神崎　司＠ニートライフ,@tsukasavivim01,50m50 minutes ago,好きなことをして、好きな場所に行き、美味しいものを食べて日々充実しています♪親孝行、彼女孝行もでき毎日幸せになりました！LIEN＠でノウハウ配信中！http://changerion.info/w/29T2e8XC pic.twitter.com/wRXAeTdp4J,
シャーレくんと名付け親,@ideschale,1h1 hour ago,諫早の駅からちょっと歩いてるだけで-がんばれレッズ  のプラカードを持った子供たちの一群-冷たいお茶どうぞー-美味しいプチトマトどうぞーと 息つく間もないこれ、「歩かせる工夫」だよなー,
オイカワマル,@oikawamaru,1h1 hour ago,水道水の水源となっているダムも、美味しい農作物を生産している干拓地も、私がいま乗っている新幹線も、多くの野生生物の生息地と命を奪ってできたものであることは、常々心の片隅に置いておくべきことなのです。,
ニュージーランド政府観光局,@PureNZinJapan,2h2 hours ago,【プレゼントキャンペーン】旅サラダを見てNZに行きたくなりましたね！番組で紹介されたクイーンズタウンで、以下のどちらを体験してみたいですか？こちらのツイートをRTし質問に答えた方の中から抽選で@cookietimejp 様の美味しいクッキーをプレゼントいたします！ #旅サラダNZ　 #クッキータイム,
藤城リエ / りえ,@FujishiroRie,2h2 hours ago,みんな〜！！寒い中ありがとう〜！！暖かくしてね〜！あとフジヤマサイダーが美味しいよ〜！ pic.twitter.com/tbS2LnaIEA,
JUN MASUDA,@intensive911,2h2 hours ago,#親子丼#美味しい #写真 #ブログ #japanesefood #instagood #instagram #instalike #instaphoto #instapic #instadaily #photography #photooftheday #photo #followmePlease check instagram"intensive911"pic.twitter.com/kZkpvyEJ3V,
Fuwatto まるやまキッチン,@fuwattomaruyama,2h2 hours ago,3/10(土)札幌、久しぶりの晴れもうここから春でしょ！！今日は土曜日お出かけの日、天気もいいし～(*^▽^)/★*☆♪本日も選んで楽しい見て嬉しい食べて美味しい～オムライスでお待ちしております。(*^ー^)ノ♪ pic.twitter.com/S5MegIPfGp,
「ここ一番美味しいとこ」 ✨,@twistedthursday,2h2 hours ago,ensemble cast of pure looking, nhk-approved actors ,
「ここ一番美味しいとこ」 ✨,@twistedthursday,2h2 hours ago,she appeared in the last two episodes, small role, but totally there xD gila deh, dan itu semua sebelum mereka je heroine. and two of the dudes too! sakaken in totonee and kengo kora in ohisama.,
ÂK4Real @ Katsu-Edit Boat  ⛵️ | カレー美味しい,@OfficialAK4Real,3h3 hours ago,Hi I'm AK and I'm here to ruin the day.,
立ち上がれマスクマン,@7masukumann7,3h3 hours ago,おはようございます福岡県マスクマン地域は朝から晴天気持ちのよい土曜日ですね~今日も笑顔で~やわもちシリーズ4つ目「わらびもち」これも美味しいです！きなことわらびもちが絶妙〜和アイス〜ハマりますね〜今日も1日素敵な土曜日をお過ごしくださいよろしくです~ pic.twitter.com/BZeHr6uG6I,
不識庵謙信（影武者）,@fushikiankage,3h3 hours ago,３月９日『二郎 神田神保町』にて小ラーメンそのまま（初見だし神保町店は麺量が凄いと聞いていた＋ロットを崩さない為に）これが神田神保町店かー噂には聞いていたけど美味しい肉も柔らかく最高でしたそしてロット１抜けでした。ご馳走様でした pic.twitter.com/waJ3hP9k7H,
しょ一けん,@sho_ken91,3h3 hours ago,松屋製麺所@つくば市らーめん＋山水で育ったご飯今日の朝飯鹿島へ行く前に久しぶりの訪問モチモチツルツルの麺に節の香りがいいスープ、美味いご飯も美味しいご馳走様でした pic.twitter.com/HXVp8awEo6,
かくみや,@kakumiya66611,3h3 hours ago,昨夜の金町製麺沢山美味しいお料理を頂きましたが無精者のワタシはコレだけしか写真撮って残してない(^◇^;)幹事さん、皆さん、有難うございました！鴨肉、燻製臭も素晴らしく絶品だった pic.twitter.com/GYYmVENrkp,
