tweet_id,account_name,user_id,timestamp,text,links,repiles,retweets,favorites
971641493617299456,degloved,2320033684,10:59 PM - 7 Mar 2018,march morning  full of holes woodpecker silence  ,,Null,1,5
971638732293136384,Haiku Hare,1345880526,10:48 PM - 7 Mar 2018,I dont need a God to force me to do good deeds. Thatâ€™s just who I am.  ,,Null,3,3
971631502621585409,Haiku Hare,1345880526,10:19 PM - 7 Mar 2018,I tweet about Life. Death will take me soon enough. Iâ€™m in no hurry...  ,,Null,2,4
971611804538257409,The Lively Cully Martin,965729795148431361,9:01 PM - 7 Mar 2018,Tho' know wrong from right... Heed Satan's hailing whispers. And eat the cookies. ,,Null,2,3
971567493163700224,Eric Buchert,758008193528324096,6:05 PM - 7 Mar 2018,Crow-like cries echo In the tranquil gloom of night. Kenku sneak thieves skulk.  ,,Null,4,26
971561321547395073,morning haiku,3127064720,5:40 PM - 7 Mar 2018,it is not lost. it dropped from the fig tree last night.  there. at your feet. - d.a bennett  ,,Null,8,12
971531357682794496,Empire BMX,24459207,3:41 PM - 7 Mar 2018,blacklist DMC? also  ignore Mat Hoffman? EAT SHIT U.C.I.  ,,Null,6,16
971529275324104704,Yolo Swaggins,3010706460,3:33 PM - 7 Mar 2018,real wisdom now  that is the prize none of this  cheeky human shit  -daethedomain ,,Null,1,3
971507511714082817,Will Haywood,15335826,2:06 PM - 7 Mar 2018,A ,,Null,4,10
971495841100914688,Eve Castle Poet,800895182,1:20 PM - 7 Mar 2018,sleep deserts me I lie still and wait for first light ponder mountains  ,,Null,3,9
971492917566164993,Lisa Marie Shepherd,4849406597,1:08 PM - 7 Mar 2018,As the sun sets you  call me a wildflower  and toast old mistakes  ,,Null,6,10
971480950893895680,Polona Oblak,181523036,12:21 PM - 7 Mar 2018,Null,,Null,9,11
971458340017655809,Earl R. Keener,1935834500,10:51 AM - 7 Mar 2018,dog days everyone wears a watermelon smile  ,,Null,3,4
971454669850472448,The Lively Cully Martin,965729795148431361,10:36 AM - 7 Mar 2018,The squeal of tires. Screams. Glass and blood tells me you're gone. Our last kiss: still moist.  ,,Null,3,5
971453585476079616,ant ant ant ant ant,1388516370,10:32 AM - 7 Mar 2018,standing on phone books for a better angle a map of the world  ,,Null,3,10
971425345869111296,Eve Castle Poet,800895182,8:40 AM - 7 Mar 2018,tempted to pen spring haiku about the night breeze strums me to sleep  ,,Null,3,7
971421221622513664,Naviar Records,2274382471,8:24 AM - 7 Mar 2018,naviarhaiku218 - a new music challenge starts today. Seven days to make music inspired by the ,https://buff.ly/2G0zGAh,Null,10,8
971398544384053250,In Seventeen,899691367433162752,6:53 AM - 7 Mar 2018,Only by drowning do you come to understand  the depths of ocean. ,,Null,11,38
971397620747980800,A,1645192772,6:50 AM - 7 Mar 2018,A (probing) question: Why is ,,Null,39,17
971585018723225602,j matthew waters,24095762,7:14 PM - 7 Mar 2018,trains and bicycles some of many things I like contemplative rides  ,,Null,3,3
971573119612833793,Haiku Hare,1345880526,6:27 PM - 7 Mar 2018,4th Love If Honk Then Programmers would get this joke in the 70s...  ,,Null,3,2
971550030812405760,Î±Î·Î´Î“ÎµÏ‰_Ï„Î»Îµ_Î±Î²Î—Î¸Î“Î“ÎµÎ´ğŸŒ¹,945845140765265921,4:55 PM - 7 Mar 2018,Life is but a blur I know not how I got here Progresses so fast  ,,Null,2,2
971506151434022912,Sondra,309762859,2:01 PM - 7 Mar 2018,spring fever he missed the same belt loop two days in a row  ,,Null,4,7
971470131825004545,Mark Gladman,2386747452,11:38 AM - 7 Mar 2018,. . i look at the sky sunrise knows i think of you clouds are blushing pink ,,Null,3,13
971468069414559744,Steven Chernick,262045518,11:30 AM - 7 Mar 2018,still together  halfway down the block  windblown leaves    ,,Null,3,5
971445506688847873,Shrikaanth K Murthy,3729228675,10:00 AM - 7 Mar 2018,spring rain the earth yielding to dadâ€™s kneesÂ   My winning haiku placed third in the Martin Lucas ,,Null,3,3
971431459289423875,Jenn R-J,36666530,9:04 AM - 7 Mar 2018,Ears tuned into storm Hailing whispers through the fear  That offer wisdom  ,,Null,3,7
971416579408719872,Julie Gomez,492604254,8:05 AM - 7 Mar 2018,chunks of ice along the eaves thaw and refreeze   ,,Null,10,39
971408243309264897,A,1645192772,7:32 AM - 7 Mar 2018,A (probing) request What will the world do to end the occupation?  ,,Null,26,6
971397046799187968,sharon rhutaseljones,1551167778,6:47 AM - 7 Mar 2018,#284  silent the swans glide along the lake the silver in your hair  ,,Null,8,11
971387042897780736,Debbi Antebi,179625288,6:08 AM - 7 Mar 2018,tree fort the stars still beyond reach  haiku windows:  tree fort window ,,Null,11,14
971375455331905536,575haiku,810950933094010881,5:22 AM - 7 Mar 2018,The shape I am in Mental and physically Colours my aura  ,,Null,4,16
971310710734061570,Haiku,774952801885618176,1:04 AM - 7 Mar 2018,new home we unpack our old habits  Debbi Antebi ,,Null,25,61
971083480477126657,Eve Castle Poet,800895182,10:01 AM - 6 Mar 2018,in crevice after crevice on the cliff face- wild azaleas  Shiki (1867-1902) ,,Null,11,20
971067376237268992,Aaron Armstrong,2320963161,8:57 AM - 6 Mar 2018,Didn't want to strike  Then you stopped my summer pay  I need to pay rent.  ,,Null,7,36
970700929778401280,ant ant ant ant ant,1388516370,8:41 AM - 5 Mar 2018,on the roof frost in the shape of tree shadows  ,,Null,22,44
970641680138416128,A,1645192772,4:46 AM - 5 Mar 2018,Enough of racism Enough of occupation Enough of terror  ,,Null,78,31
970626565334745088,Christina Sng,135446887,3:46 AM - 5 Mar 2018,monarch butterfly discovering how much I have changed  ~First Place  Caribbean Kigo Anniversary Kukai 2018 ,,Null,16,35
970515386864160768,tamaramiles,18286697,8:24 PM - 4 Mar 2018,Null,,Null,16,49
971502496584749057,Lisa Marie Shepherd,4849406597,1:46 PM - 7 Mar 2018,The constellations  make way for a new star to  burn bright from our loss  ,,Null,2,2
971494458637168641,The Huntington,44149300,1:15 PM - 7 Mar 2018,Meet Japanese writer Yone Noguchi  who helped introduce American poets to ,http://huntingtonblogs.org/2018/03/yone-noguchi-and-haiku-in-the-united-states/,Null,19,39
971407617192062976,Lucy Whitehead,969128243998744581,7:29 AM - 7 Mar 2018,caught in clouds of pink lace - cherry blossom  My haiku was  chosen in the Golden haiku competition to appear around Washington DC  this March. ,,Null,3,18
971373566804492289,Lorrie Bowden,2313320620,5:14 AM - 7 Mar 2018,Null,,Null,9,22
971373186221711361,RedBlueBlackSilver ğŸ”´âºï¸âš«âšª,918872667167457283,5:13 AM - 7 Mar 2018,First five syllables  Then the next line has seven  Then five again. Nature. ,,Null,3,3
971213920466886656,Extra Special Bitter,111669399,6:40 PM - 6 Mar 2018,tomorrow's forecast -- backyard Buddha unconcerned ,,Null,7,13
971135289820438528,575haiku,810950933094010881,1:27 PM - 6 Mar 2018,Too much confusion All the words march through my brain My pen the tamer  ,,Null,11,34
971111099721568258,Steven Chernick,262045518,11:51 AM - 6 Mar 2018,feeding silence  to midnight stars-- redwood roots    ,,Null,7,16
970690806720888832,Eve Castle Poet,800895182,8:01 AM - 5 Mar 2018,a man  just one - also a fly  just one - in the huge drawing room  -Issa ,,Null,7,16
970474101100990465,Al M, Words and Music,705185439179808768,5:40 PM - 4 Mar 2018,She carries herself like a red watering can love arcs in thin streams  ,,Null,26,75
970365053408088064,Chethana,3004271040,10:27 AM - 4 Mar 2018,Blessed are those lovers whose unbroken promises live on forever.  ,,Null,37,46
970364991605018625,Chethana,3004271040,10:26 AM - 4 Mar 2018,With resilience   she glued pieces of her heart until unbroken.  ,,Null,39,53
970361611641872384,Earl R. Keener,1935834500,10:13 AM - 4 Mar 2018,spring begins and  I am grateful for those who have responded to this birdhouse  to the voice that roosts inside me  ,,Null,7,10
970331283418071041,Roy Stalin,74765019,8:13 AM - 4 Mar 2018,His son is a clod  But Iâ€™ll miss Mr. Meyer. Chairlift to the sky.  ,,Null,8,31
970059711222566912,Rory gan Dabht,793800317473263616,2:13 PM - 3 Mar 2018,under the river a little stone dreams of her - gently spinning moon  ,,Null,17,40
970005995660431366,A,1645192772,10:40 AM - 3 Mar 2018,The (sounds) of freedom call all to help and support People of ,,Null,57,15
969969860439519232,Solasea,1538804364,8:16 AM - 3 Mar 2018,left over leaves muffle the ground in amber sounds  ,,Null,20,65
969903789946884096,A,1645192772,3:54 AM - 3 Mar 2018,Our ,,Null,26,14
969649659135356929,A,1645192772,11:04 AM - 2 Mar 2018,Null,,Null,35,16
969268196002926592,Haiku,774952801885618176,9:48 AM - 1 Mar 2018,will we meet again? here at your flowering grave: two white butterflies  Matsuo BashÅ (1644-1694) ,,Null,46,99
971468539554082821,HaikuD2ğŸŒ±,573601088,11:32 AM - 7 Mar 2018,Make the most out ofÂ â€¢ The time you have with your friendsÂ â€¢ These days are precious Â Â â€”,,Null,3,7
971463348624637952,The Lively Cully Martin,965729795148431361,11:11 AM - 7 Mar 2018,Roswell star-gazing: Green men  tinfoil hats and beer. Probe me  Space Masters!  ,,Null,1,5
971416267704827904,Julie Gomez,492604254,8:04 AM - 7 Mar 2018,snowy solitude boldly outlines   every branch and twig     ,,Null,5,16
971085474088484864,Kira Lily Nash,897098728015876096,10:09 AM - 6 Mar 2018,gentle rain two deer graze quietly at the tree line  ,,Null,8,18
971053859232600066,Julie Gomez,492604254,8:04 AM - 6 Mar 2018,sound of tinsel snowflakes falling through the trees   ,,Null,19,90
971023061402169344,Eve Castle Poet,800895182,6:01 AM - 6 Mar 2018,old well  a fish leaps- dark sound  Yosa Buson (1715-83) ,,Null,5,7
970939087636058112,Paul Judges,132096492,12:28 AM - 6 Mar 2018,Crocuses stirring  like love's divine disturbance; riot of spring blooms.  ,https://yorkshirephoto.blogspot.co.uk/,Null,16,21
970832476850479105,Emma,834880397062201344,5:24 PM - 5 Mar 2018,there is Time and thereâ€™s Space - neitherâ€™s welcome to my Continuum  ,,Null,5,16
970663222800875524,sharon rhutaseljones,1551167778,6:12 AM - 5 Mar 2018,#283  ladybug beside me on the garden bench a white peony  ,,Null,8,8
970660945038016512,Eve Castle Poet,800895182,6:02 AM - 5 Mar 2018,look  oh how fearsome are the rouged fingers against the white chrysanthemum  -Chiyo ,,Null,8,11
970483258491219968,rob scott,41001777,6:16 PM - 4 Mar 2018,long winter - the darkness inside me  ,,Null,7,12
970393587606327296,Eve Castle Poet,800895182,12:20 PM - 4 Mar 2018,pale mountain sky cherry petals play as they tumble earthward  -Kusama Takako ,,Null,10,21
970336488427786243,Barbara H-R,2319982661,8:33 AM - 4 Mar 2018,This bench was 'our' bench Remember us sitting there Me and my mother  ,,Null,11,60
970335123987156992,ğŸŒºStrewn PetalsğŸŒº,3012954986,8:28 AM - 4 Mar 2018,downcast eyes lest he read her desire for him  aptly  ,,Null,16,39
970012430129647617,Haiku,774952801885618176,11:05 AM - 3 Mar 2018,the ringing of the bell drives me out of my bed quilting and into the cold...   Yosa Buson (1716-1783) ,,Null,15,29
969909950247038977,A,1645192772,4:18 AM - 3 Mar 2018,Smiling blossoms from the nice blessed city ,,Null,24,8
969214514435641345,A,1645192772,6:15 AM - 1 Mar 2018,Our ,,Null,32,18
968883923479678977,Earl R. Keener,1935834500,8:21 AM - 28 Feb 2018,Indian summer a yellowed postcard falls from the book  ,,Null,19,39
968183683726286848,ant ant ant ant ant,1388516370,9:59 AM - 26 Feb 2018,on the still life of pears the rapid shadows of a ceiling fan  ,,Null,17,62
967980376177238017,&&&,3119233505,8:31 PM - 25 Feb 2018,Do you like puzzles Let me teach you a new game Donâ€™t breathe just listen ,,Null,0,0
971399576719683584,C. O'Banion Smith,2373078018,6:58 AM - 7 Mar 2018,Null,,Null,3,8
971383734929969153,Margo Kissell,817413065029390337,5:55 AM - 7 Mar 2018,Is THIS March madness? Snow during spring semester as they march to class. ,,Null,2,18
971220094771761152,DimpleVerse,729274353930637312,7:04 PM - 6 Mar 2018,Waiting for eventide To see reflection of Sun On Moon...  ,,Null,17,32
971103615875039232,Chethana,3004271040,11:21 AM - 6 Mar 2018,Don't hurt me. I forgive reluctantly. I don't forget  ever.  ,,Null,16,25
971054086912012288,Julie Gomez,492604254,8:05 AM - 6 Mar 2018,in the woods  raccoon tracks lead the way  ,,Null,18,105
971013981199568901,In Seventeen,899691367433162752,5:25 AM - 6 Mar 2018,Before the world comes between them  day and night steal a passionate kiss. ,,Null,5,17
970849139390144512,Dimple Â©â„¢,2299784766,6:30 PM - 5 Mar 2018,Whisper sweet nothings hear my heart rattle sound of excitement...  ,,Null,9,27
970735260454572032,Kimmy,265595650,10:58 AM - 5 Mar 2018,The window rattles On the darkest stormy nights New day restores calm  ,,Null,5,15
970711712973443073,A.M.Lewis,811303760748310528,9:24 AM - 5 Mar 2018,Null,,Null,11,11
970474912287731713,DimpleVerse,729274353930637312,5:43 PM - 4 Mar 2018,Wonders of the universe Looking back & be able to say I've survived with grace...  ,,Null,15,51
970329158294192128,sharon rhutaseljones,1551167778,8:04 AM - 4 Mar 2018,#282  espresso at dawn  snowonsnowonsnow  silent perfection   ,,Null,14,25
969914372758777857,Helen L.H. Wong,449385225,4:36 AM - 3 Mar 2018,I hear breeze in Spring  And love songs in birds singing. In fog  enchanting.  Beth Nielson Chapman - I Find Your Love ,https://youtu.be/hHcl0bbu0Gc https://twitter.com/helenwonglh/status/966953347642114048,Null,3,30
969742230289133568,Denise.Carruthers,2650794800,5:12 PM - 2 Mar 2018,Null,,Null,9,28
969526683224207361,cudd cwmwl,4838726139,2:55 AM - 2 Mar 2018,what we say what we don't say freezing rain  ,,Null,11,23
969273554406641664,A,1645192772,10:09 AM - 1 Mar 2018,Null,,Null,23,11
969190417290981376,Elizabeth Moura,896737669048393728,4:39 AM - 1 Mar 2018,fog on the water... arriving geese hush their wings  ,,Null,10,27
968932715620945923,A,1645192772,11:35 AM - 28 Feb 2018,A matter of (time) and ,,Null,40,22
968842001134313473,In Seventeen,899691367433162752,5:35 AM - 28 Feb 2018,In the vast expanse of nothing  there is a light which is everything. ,,Null,15,63
968119451072778240,sage stone,2518368840,5:43 AM - 26 Feb 2018,Null,,Null,17,31
967979817374281728,ä¿³å¥å·æŸ³æŠ•ç¨¿ã‚µãƒ¼ãƒ“ã‚¹hai9,912118908441657345,8:29 PM - 25 Feb 2018,ã€ãƒ”ãƒƒã‚¯ã‚¢ãƒƒãƒ—ã€‘åŒ—æ‘ãƒãƒå­ã•ã‚“ã®å¥ã€ã†ã¤ã¨ã‚Šã¨ é£Ÿã¹ã‚‰ã‚Œã¦ã‚’ã‚Š æ˜¥èœœæŸ‘ã€ ,https://www.hai9.space/haikus/2881,Null,0,1
971056700605321216,Stephen Moran,291546336,8:15 AM - 6 Mar 2018,NEW  ,http://www.moranpress.com/moran-press/haiku-by-shelby-kent-stewart,Null,7,9
971034931546722308,@DuChaosAuCosmos,636471754,6:49 AM - 6 Mar 2018,There is not such a thing Like ordinary cats They are all special ,https://youtu.be/IZ58M1sAaWY,Null,3,1
971018009958633472,Lorrie Bowden,2313320620,5:41 AM - 6 Mar 2018,Null,,Null,6,18
971014077966270466,Jenn R-J,36666530,5:26 AM - 6 Mar 2018,Body memories Mind starts to dissociate Bones rattle with fear ,,Null,5,7
970866070901927936,DimpleVerse,729274353930637312,7:38 PM - 5 Mar 2018,Clever enough To learn life is all about Love & tolerance . .  ,,Null,13,32
970815331898920960,wb,2855691867,4:16 PM - 5 Mar 2018,old broken back door chit chats with wild winter winds  rattles on and on  ,,Null,5,16
970721153626066944,Eve Castle Poet,800895182,10:02 AM - 5 Mar 2018,Plum blossoms~ red  red red  Izen ,,Null,3,8
970692229487644673,Rory gan Dabht,793800317473263616,8:07 AM - 5 Mar 2018,how many others listen to your joyful song - office window blackbird  ,,Null,5,11
970672766243438592,Andrea Connolly,1898353916,6:49 AM - 5 Mar 2018,Null,,Null,7,13
970554574040858624,degloved,2320033684,11:00 PM - 4 Mar 2018,kid on shoulders reaching for slow snowflakes head among stars  ,,Null,10,24
970372827365937152,Mary Sunshine,819262718435872768,10:58 AM - 4 Mar 2018,A stroll through the woods - spontaneous excursion? Meander with me..   ,,Null,5,10
970310281724383234,a girl called .al.,892193612880019456,6:49 AM - 4 Mar 2018,Null,,Null,14,46
970011715776733184,tkshillings,890242543,11:03 AM - 3 Mar 2018,Sometimes you wake up   Reach for your crown  and then feel   So disappointed.   ,,Null,5,16
969952363007025152,Susan J. Tweit,34749492,7:07 AM - 3 Mar 2018,leaves relaxed Dudleya basks in south window while snow falls ,,Null,9,27
969936472445943809,In Seventeen,899691367433162752,6:04 AM - 3 Mar 2018,The very same wind is that which destroys  and which blows the storms away. ,,Null,12,42
969763110176411648,Frog Prince,864592898947469312,6:35 PM - 2 Mar 2018,Null,,Null,8,22
969715543522541569,Gitte Prina,1900539662,3:26 PM - 2 Mar 2018,Light banishes dark Yet the darkness still exists The light casts shadows    ,,Null,12,13
969560718491168768,Extra Special Bitter,111669399,5:11 AM - 2 Mar 2018,driftwood -- explaining that I wasn't always this way ,,Null,11,17
968949020268908546,Baildon CE School,443832099,12:40 PM - 28 Feb 2018,Year 6 have been exploring their thoughts  fears and dreams regarding the SATs through Haikus ,,Null,9,30
968931658832457728,Stanford M Forrester,861306945411706885,11:31 AM - 28 Feb 2018,getaway car â€” the back seat filled with poems   ,,Null,20,46
970720549230993409,Solasea,1538804364,9:59 AM - 5 Mar 2018,everything rattles when the wind decides to speak  ,,Null,18,42
970688046931808256,Lost Poetry Office,249216015,7:50 AM - 5 Mar 2018,A soft southern wind. Flat bottomed clouds scud and punt across the blue sky.  Day 64 of the 365 Days Haiku Writing Challenge   ,,Null,7,12
970653782341242880,Debbi Antebi,179625288,5:34 AM - 5 Mar 2018,waiting room a spider suspended in midair  Honorable Mention  21st Mainichi Haiku Contest ,,Null,19,46
970344751408078848,Noor,259304970,9:06 AM - 4 Mar 2018,pale cheek of the moon lingering in the window that used to be ours  ,,Null,6,13
970307315588059138,Extra Special Bitter,111669399,6:37 AM - 4 Mar 2018,silence -- I almost miss the wind ,,Null,13,23
970258814342762496,Sageleaf,787401911863500800,3:25 AM - 4 Mar 2018,Life is genesis: I am a co-creator  Of my universe. ,,Null,4,7
970257094690721793,Alan Summers,24542225,3:18 AM - 4 Mar 2018,. twilight on snow shadows deepen the grip of stars  Alan Summers monoku Frogpond 37:2  the spring/summer issue (2014) ,,Null,11,13
970136740869607424,Earl R. Keener,1935834500,7:19 PM - 3 Mar 2018,winter solstice snow and silence thick on the roof  ,,Null,8,24
970075223683993606,Earl R. Keener,1935834500,3:15 PM - 3 Mar 2018,silent spring the prairie dogs' up and down  ,,Null,4,8
970011698726776833,Drawing on Bloomsday,863010218334093312,11:03 AM - 3 Mar 2018,Write a ,https://www.facebook.com/oliviercornet.gallery/posts/2091561537537693,Null,12,25
969967657452630017,Valerie Fern,281576925,8:08 AM - 3 Mar 2018,Saturday morning the faint scent of daffodils reminds me of you  ,,Null,6,11
969936115934355461,In Seventeen,899691367433162752,6:02 AM - 3 Mar 2018,While our existence seems defined by its limits  it's love transcendent. ,,Null,8,17
969929191050436608,Extra Special Bitter,111669399,5:35 AM - 3 Mar 2018,after the rain the hum of silence ,,Null,6,10
969913053084078080,Debbi Antebi,179625288,4:31 AM - 3 Mar 2018,winter wind the clatter of empty hangers  Creatrix Haiku #40 ,,Null,10,23
969640852514590720,Rory gan Dabht,793800317473263616,10:29 AM - 2 Mar 2018,everywhere is white and everywhere is orange - streetlight on fresh snow  ,,Null,5,13
969512004313546752,Andrea Connolly,1898353916,1:57 AM - 2 Mar 2018,Null,,Null,10,17
969478554957242368,The Lively Cully Martin,965729795148431361,11:44 PM - 1 Mar 2018,Know: But do Nothing. Witness: Yet Still Do Nothing Guilt: You did nothing.  ,,Null,4,6
968920165218947072,A,1645192772,10:45 AM - 28 Feb 2018,A (time) for the truth They don't want to enlist in  so called IDF  ,,Null,25,15
968095102848700418,A,1645192772,4:07 AM - 26 Feb 2018,Enormous (efforts) must be made to help ,,Null,59,22
970255434962653184,Alan Summers,24542225,3:11 AM - 4 Mar 2018,More snow...  snowing  through the blizzard particles of me  Alan Summers  Winner - The Haiku Calendar Competition (Snapshot Press 2011) ,,Null,6,6
970254849500696576,Alan Summers,24542225,3:09 AM - 4 Mar 2018,Last of the snow  enjoyed the post-Christmas treat:  the warmth of mismatched gloves first snowfall   Alan Summers  The Heron's Nest  Volume XVII  No. 3 (2015) ,,Null,6,12
970158266939473920,John Wisdom,302748080,8:45 PM - 3 Mar 2018,Null,,Null,7,13
970147819414683649,Sondra,309762859,8:03 PM - 3 Mar 2018,immigration cherrypicking the facts  ,,Null,10,21
970068938171322369,575haiku,810950933094010881,2:50 PM - 3 Mar 2018,Sounds of a poem Reflect in the readers brain By correct words and rhythm   ,,Null,5,14
969949567826448385,DimpleVerse,729274353930637312,6:56 AM - 3 Mar 2018,Weekend ,,Null,22,44
969936106937573376,In Seventeen,899691367433162752,6:02 AM - 3 Mar 2018,A day did not pass when you were not there for me. How will I go on? ,,Null,7,17
969746873241174016,Dimple Â©â„¢,2299784766,5:30 PM - 2 Mar 2018,Eager hunger Moon rises like a silver mirror foretelling magic...  ,,Null,7,30
969741535418908672,Norman Lordan,74592911,5:09 PM - 2 Mar 2018,Burnt orange crow moon Harbinger of painful fate March plans winter's end  ,,Null,5,18
969662141505654784,mullen,844593223586729984,11:54 AM - 2 Mar 2018,mullen,,Null,3,9
969617497820459008,Steven Chernick,262045518,8:56 AM - 2 Mar 2018,a harpsichord just as the dusk star comes out   ,,Null,9,19
969545962703245312,The Haiku Foundation,92453583,4:12 AM - 2 Mar 2018,distant thunder a line of footprints still escaping the waves  Iliyana Stoyanova  Iliyana 's profile is below:  ,http://www.thehaikufoundation.org/poet-details/?IDclient=1454,Null,11,12
969485301432250368,Sondra,309762859,12:11 AM - 2 Mar 2018,cloud whispers across mt. wellington traveling alone  ,,Null,6,13
969373904006533121,KCG,330833510,4:48 PM - 1 Mar 2018,Null,,Null,6,15
969320019631931393,Rory gan Dabht,793800317473263616,1:14 PM - 1 Mar 2018,blessing and a curse the snow makes all things new - I trust the blank page  ,,Null,6,14
969224716216098818,In Seventeen,899691367433162752,6:55 AM - 1 Mar 2018,I thought I was dead; then you came along  and you brought me back to life. ,,Null,7,39
969211246863110144,Eve Castle Poet,800895182,6:02 AM - 1 Mar 2018,sick on a journey my dreams wander the withered fields  -Basho ,,Null,10,20
968804181824991232,Haiku,774952801885618176,3:04 AM - 28 Feb 2018,this cool breezeâ€” the empty sky fills with the sound of pines  Ueshima Onitsura ,,Null,32,74
968778787361034241,Rory gan Dabht,793800317473263616,1:23 AM - 28 Feb 2018,warm little fizzing then a pocket of silence - when snow meets the sea  ,,Null,14,30
968680103499718657,W E Harris,272468250,6:51 PM - 27 Feb 2018,seasons change grandmother's hands are now mine  ,,Null,16,45
969770691309469696,Earl R. Keener,1935834500,7:05 PM - 2 Mar 2018,night is coming: the snow geese fold  their wings and wait  ,,Null,3,10
969723188887224320,Jane Bled,875564021017001984,3:56 PM - 2 Mar 2018,Encapsulating Nebulous premonition Charged signals cross paths  ,,Null,5,7
969675205437083648,Denise.Carruthers,2650794800,12:45 PM - 2 Mar 2018,Null,,Null,6,14
969664561723801600,Carrie Bickford,951653282438635520,12:03 PM - 2 Mar 2018,Beautiful look!  Better scent!  Love these!  I always get complimented when I'm wearing one of these scents!  Only problem is deciding which one to wear!  Shop online: ,https://www.avon.com/?s=ShopTab&rep=carriebickford&c=MB_Twitter&utm_source=MB_Twitter,Null,10,1
969643611624230917,Eve Castle Poet,800895182,10:40 AM - 2 Mar 2018,southern warm breeze sweeps my will out the window into the hammock  ,,Null,6,11
969625611214860289,ant ant ant ant ant,1388516370,9:28 AM - 2 Mar 2018,the spider wraps the twig that fell and drops it  ,,Null,6,19
969600959641890816,Julie Gomez,492604254,7:50 AM - 2 Mar 2018,winter walk river flows softly insulated in white   ,,Null,25,105
969593282388004864,Eve Castle Poet,800895182,7:20 AM - 2 Mar 2018,While scolding her doll  the child rests her hands upon invisible hips.  James W. ,,Null,6,11
969551122770878464,Therese Sellers,279717589,4:32 AM - 2 Mar 2018,before the storm I transplant snowdrops full worm moon ,,Null,5,16
969449026033655808,Chethana,3004271040,9:47 PM - 1 Mar 2018,From my purple depths  a green windmill of passion  I unleash on you...  ,https://www.instagram.com/p/BfykSU9H6qf/,Null,13,19
969336453120569344,John Wisdom,302748080,2:19 PM - 1 Mar 2018,Null,,Null,23,38
969302284994715648,ant ant ant ant ant,1388516370,12:04 PM - 1 Mar 2018,skin of the oak soft with moss a crow skews his feathers  ,,Null,7,19
969274660054499330,Stanford M Forrester,861306945411706885,10:14 AM - 1 Mar 2018,solitude â€” prentending Iâ€™m happy now that I have it  ,,Null,12,20
969034941655855104,Extra Special Bitter,111669399,6:21 PM - 28 Feb 2018,shortest month -- an unfinished poem ,,Null,14,36
968879677967249408,Julie Gomez,492604254,8:04 AM - 28 Feb 2018,seldom quiet hairy woodpecker talks while he eats   ,,Null,16,78
968865292976730112,sharon rhutaseljones,1551167778,7:07 AM - 28 Feb 2018,#280  end of february  tumbleweeds swirl  desert snow storm   ,,Null,15,24
968853817151254528,Â¡ r e n e,856912273855488000,6:22 AM - 28 Feb 2018,Null,,Null,7,28
968848052277727232,Extra Special Bitter,111669399,5:59 AM - 28 Feb 2018,signs of spring blossoming potholes ,,Null,16,21
968613887665942534,Haiku Hare,1345880526,2:28 PM - 27 Feb 2018,Saw this on FaceBook. If you need some writing prompts  these seem pretty fun!  ,,Null,16,29
968117597190475777,Frank J. Tassone,771412554094637056,5:36 AM - 26 Feb 2018,2/26/18: beach  changing tide ...  only the cry of sea gulls in a shore breeze  ,,Null,8,13
969589444520144896,Extra Special Bitter,111669399,7:05 AM - 2 Mar 2018,in the howling wind an old man singing sea shanties ,,Null,4,14
969588678006751232,sharon rhutaseljones,1551167778,7:02 AM - 2 Mar 2018,#282  my husband  retraces his hikes  road trip   ,,Null,3,4
969587815171289088,Susan J. Tweit,34749492,6:58 AM - 2 Mar 2018,tires crunch ice wintry dawn glows soft rose radiators creak ,,Null,6,17
969547671156469765,Elizabeth Moura,896737669048393728,4:19 AM - 2 Mar 2018,lost castles... an overfilled sandbag ripped by the sea  ,,Null,3,8
969517250087653376,Paul Judges,132096492,2:18 AM - 2 Mar 2018,Don't get a gun  buy a book ,https://www.amazon.com/Only-We-Seem-Lost-Haiku/dp/0244329702/,Null,6,12
969436686701690881,she dances tibet,991670881,8:58 PM - 1 Mar 2018,awakening love miraculous pure display all things sacred...holy  ,,Null,16,37
969253660004945920,degloved,2320033684,8:50 AM - 1 Mar 2018,my shadow crawling way ahead of me icy pavement   ,,Null,12,27
969242279285161985,Julie Gomez,492604254,8:05 AM - 1 Mar 2018,suet feeding frenzy downy woodpecker waits her turn   ,,Null,8,63
969242064285155328,Julie Gomez,492604254,8:04 AM - 1 Mar 2018,sandals on the beach snow boots in the mountains all in a days drive  ,,Null,11,51
969097410411712514,Lost Poetry Office,249216015,10:30 PM - 28 Feb 2018,Sub zero sunrise. Outside in my dressing gown  taking a photo.  Day 60 of the 365 Days Haiku Writing Challenge   ,,Null,10,20
968960537391443971,Mr. Samuel Weller,919673308366495744,1:26 PM - 28 Feb 2018,Sleep well dear forest; We will only understand When they are long gone.  ,,Null,6,14
968959178734800896,Eve Castle Poet,800895182,1:20 PM - 28 Feb 2018,With a young leaf I would wipe the tears from your eyes  ~Basho ,,Null,14,33
968955302191050753,Mark Yates,1529293544,1:05 PM - 28 Feb 2018,Election over  Congrats to Debbie Lesko  Keep AZ8 Red  ,,Null,4,10
968915630413041664,Earl R. Keener,1935834500,10:27 AM - 28 Feb 2018,seed catalogue-- free cosmos with every 10 dollar purchase  ,,Null,6,12
968865424669634560,a poetic path,3836233280,7:08 AM - 28 Feb 2018,spring gown ~ the heart dressed in blooms  ,,Null,17,43
968545640463597573,Noor,259304970,9:57 AM - 27 Feb 2018,frozen in the old pond a slice of the moon  ,,Null,9,29
968461644991954944,A,1645192772,4:23 AM - 27 Feb 2018,Seriuos (efforts) should quickly be made to release ,,Null,48,34
968265898317541378,Marilyn Fleming,2828359841,3:25 PM - 26 Feb 2018,Null,,Null,9,11
967979622620004352,Art Fredeen,3185441923,8:28 PM - 25 Feb 2018,Null,,Null,4,8
967979516013391872,ğŸŒˆColleen RoseğŸ¦„,212082618,8:27 PM - 25 Feb 2018,Introducing Eddie to this (heavily culled) game has been one of my best decisions so far this year. He's laughed more than I've heard him in months. ,,Null,1,1
969225211835920384,Susan J. Tweit,34749492,6:57 AM - 1 Mar 2018,cloud-fire lights dawn as winter blusters toward spring air smells like snow ,,Null,6,13
969195323397619712,Jenn R-J,36666530,4:59 AM - 1 Mar 2018,Serene the color Of moonlight bathing still lake Loon's call  sound asleep  ,,Null,7,17
969187293977284609,MarkZero,4160212276,4:27 AM - 1 Mar 2018,today unlike yesterday the right kind of snow  ,,Null,4,9
969175439036985345,Rob Cairns,826968644,3:40 AM - 1 Mar 2018,pausing-- a cricket sips  moonlight  ,,Null,5,7
968987673435234304,Sandi Pray,28121597,3:13 PM - 28 Feb 2018,dusk settles a spring peeperâ€™s first shy note ,,Null,17,32
968912036255141888,Debbie Cribb Owens,704222189462147072,10:13 AM - 28 Feb 2018,Within the darkness Against all rhyme and reason A flutter of hope ,,Null,5,14
968883509518532608,Naviar Records,2274382471,8:20 AM - 28 Feb 2018,naviarhaiku217- a new music challenge starts today! Seven days to make music inspired by the ,http://www.naviarrecords.com/about/naviar-haiku,Null,6,6
968879383514525697,Julie Gomez,492604254,8:03 AM - 28 Feb 2018,claws rake tree bark a familiar sound woodpeckers hunting   ,,Null,29,125
968843536459288576,In Seventeen,899691367433162752,5:41 AM - 28 Feb 2018,At distance  love laughs; to time  love pays little mind  for love knows no bounds. ,,Null,9,31
968825041508012032,Eda Vor,706566547175825409,4:27 AM - 28 Feb 2018,No Archie  donâ€™t do the thing  Guys  I did the thing Riverdale changed forever   ,,Null,9,7
968771962356097024,Poetry Pea,925002583932104704,12:56 AM - 28 Feb 2018,The ,https://buff.ly/2oDJ4l9,Null,4,7
968753652818173953,Lost Poetry Office,249216015,11:44 PM - 27 Feb 2018,Through the bathroom door I hear her short gasps for breath. Each day  cold shower.  Day 59 of the 365 Days Haiku Writing Challenge  ,,Null,7,10
968651630743875584,Half Assed Haiku,3177617393,4:58 PM - 27 Feb 2018,Some times we feel sad  We just want the world to end  But we must push through.  ,,Null,7,10
968517982845456384,Julie Gomez,492604254,8:07 AM - 27 Feb 2018,along the tree trunk woodpecker nabs sleeping insects   ,,Null,43,160
968154160565837824,Eve Castle Poet,800895182,8:01 AM - 26 Feb 2018,Plum tree blooming~ but no other signs of spring  ,,Null,5,11
967979473172877312,&&&,3119233505,8:27 PM - 25 Feb 2018,Patterns in the songs Counting down from five hundred To the night before ,,Null,0,0
967979357926055937,Hondarake Full Of Books,115419651,8:27 PM - 25 Feb 2018,æ›¸ã®ç§‹ã‚„ ã„ã¾ã™ãè¦‹ã›ãŸã„ è© ã‚€ã²ã¨ã¸ ï¼ˆæˆ‘æµã§ä¸€å¥,http://ift.tt/2oAnU7o,Null,0,0
967978762947067905,Happy Chairman,2868364319,8:24 PM - 25 Feb 2018,Pathetic people Propose porno power play Press purple pecker  ,,Null,0,1
967977337731117057,Alex Krasny,16858134,8:19 PM - 25 Feb 2018,Evil in Kyoto / fear of the honorable / demons can smell it ,,Null,0,0
967976806732255232,Eric Zmuda,25132857,8:17 PM - 25 Feb 2018,Null,,Null,0,1
968790495160946688,Andrea Connolly,1898353916,2:10 AM - 28 Feb 2018,Null,,Null,10,31
968726200205049857,Cori,2975183880,9:54 PM - 27 Feb 2018,In the deep fissures  reside the inner workings Undulating stillness ,,Null,4,5
968687365849075712,John Wisdom,302748080,7:20 PM - 27 Feb 2018,Null,,Null,16,23
968663989818294272,ant ant ant ant ant,1388516370,5:47 PM - 27 Feb 2018,it's a kind of light leaf shadows  ,,Null,3,14
968583465661853697,Edan Clay ğŸŒŠ,793902637733146624,12:27 PM - 27 Feb 2018,Mueller's closing in Fat Dotard claims a "WITCH HUNT!" Whiny Little Bitch                                   ,,Null,54,170
968546673684307971,Eve Castle Poet,800895182,10:01 AM - 27 Feb 2018,enraptured lightning bugs on this dark night then mosquito finds me  ,,Null,11,19
968546176848093185,wovenwords,958443103467331589,9:59 AM - 27 Feb 2018,To what end the page has turnedÂ  Of its own accordÂ  ,,Null,3,8
968503129082753024,sharon rhutaseljones,1551167778,7:08 AM - 27 Feb 2018,#279  orange cat  asleep in his basket  firelight   ,,Null,25,35
968468896335396864,In Seventeen,899691367433162752,4:52 AM - 27 Feb 2018,In the steel blue sky just before dawn  I can see straight through to your heart. ,,Null,8,40
968184526315905024,Eve Castle Poet,800895182,10:02 AM - 26 Feb 2018,No heaven  no earth~ the snow keeps falling  ,,Null,5,15
967976442406494209,Bobbinson Breyfriar,927684852157095937,8:15 PM - 25 Feb 2018,Breyfriar Haiku #24  Title: Goodbye Winter ______________________________ Sun gently returns That unmistakable scent Flowers and new life ______________________________  ,,Null,0,0
967976047923822592,Alex Krasny,16858134,8:14 PM - 25 Feb 2018,Lady samurai / other clans assume weakness / army of ronin ,,Null,0,1
967976002629619712,Hourly Haiku,809471901466771461,8:13 PM - 25 Feb 2018,You are everything-- An armadillo Strolls at an aardwolf ,,Null,0,0
967975951970713600,HaikusfortheLonely,915398900550320129,8:13 PM - 25 Feb 2018,Cried all night from loss Then all day in gratitude  Silly rabbit  love is   ,,Null,0,2
967975767303950337,Ninja Of Poetry,26392680,8:13 PM - 25 Feb 2018,Look  a blameless schmidt There is no processional Some brutal trencher! ,,Null,0,0
967975617923657728,hisao_hanzawa,220260588,8:12 PM - 25 Feb 2018,é‡è‰¯ã«ç”Ÿ(ã‚)ã‚Œä»Šãƒ‘ãƒ©ãƒ€ã‚¤ã‚¹æµ®ã‹ã‚ŒçŒ« ,,Null,1,8
967975599921807360,Happy Chairman,2868364319,8:12 PM - 25 Feb 2018,While at the gun range Talked with a peg legged young vet "...it's like we're lemmings..."  ,,Null,0,1
967975101319835648,Haiku Reply Bot,907346561490984963,8:10 PM - 25 Feb 2018,Tweet me a word/name. I will tweet back a haiku.  Form Document using Several biology Possibly dummy ,,Null,0,0
967974272365989888,HaikuD2ğŸŒ±,573601088,8:07 PM - 25 Feb 2018,If your in a roomÂ â€¢ Full of people and your boredÂ â€¢ They aren't your people Â Â â€”,,Null,3,5
967973225136234497,ãƒ¶,2378473014,8:02 PM - 25 Feb 2018,è²´æ§˜ã‚‰ã® ç¢ºå®šç”³å‘Š ã—ã¦ã‚„ã‚‹ã‚ˆ ,,Null,0,1
968172746080473089,Imogen Forster,608459803,9:15 AM - 26 Feb 2018,Putting on my boots  watching the clear sky thicken  waiting for the snow. ,,Null,3,5
967973156773244928,æ˜­å’Œä¸‰åå¹´ä¸–ä»£bot,178305815,8:02 PM - 25 Feb 2018,æ—¥ã®å½“ãŸã‚‹ã‚‚ã®ã‚’æ—¥é™°ã«ç›†æ”¯åº¦ã€€å²¸æœ¬å°šæ¯…ã€å¥å•–ã€ ,,Null,0,1
967972896952889344,äº•ä¸Šã€€äº•æœˆ,154811606,8:01 PM - 25 Feb 2018,å±±é›€ã‚„æ„šã¯äººã«å¤šã‹ã‚Šã ,,Null,0,1
967972520887496705,Mr Haiku,927870529243148293,8:00 PM - 25 Feb 2018,The sounds of the range No one who is ill-favored Thousands of God's trees ,,Null,0,1
967971539370020864,Andrew Hanson,479910569,7:56 PM - 25 Feb 2018,Skip Shuster's hammer Slides toward red stone in End 3 - PyeongChang curling; ,,Null,0,0
967971478938537986,Andrew Hanson,479910569,7:55 PM - 25 Feb 2018,7-10-esque split With broom sweeping in between - A double takeout; ,,Null,0,0
967971389650202624,Andrew Hanson,479910569,7:55 PM - 25 Feb 2018,The yellow stone stops  Still in the house for U.S. - Shuster smiles at deuce... ,,Null,0,0
967971175807705088,Happy Chairman,2868364319,7:54 PM - 25 Feb 2018,Trump Trump Trump Trump Trump Conservative candidates Got your own ideas?  ,,Null,0,1
967970470644547585,Ruth Waytz,25468874,7:51 PM - 25 Feb 2018,Typing ~something~ on it every day. Today  a ,https://www.instagram.com/p/BfpT3PRniy2UROOSfw3hlHB1vp3vTl6JfdkHRc0/,Null,0,1
967970234262085634,Michael North,3074162353,7:51 PM - 25 Feb 2018,no better reason  for channeling my inner  worst Snidely Whiplash   ,https://twitter.com/zuzupetals_/status/967899456887762944,Null,0,1
967969975305756673,TwitKing,803201447739453440,7:50 PM - 25 Feb 2018,Null,,Null,0,1
967969595117125633,haiku,1423102158,7:48 PM - 25 Feb 2018,å£é–‹ã‘ã¦å«ã°ãšã‚·ãƒ£ãƒ¯ãƒ¼æµ´ã³ã¦ãŠã‚Šã€€é«˜è³‡ã€€,,Null,0,1
967969232414760961,Earl R. Keener,1935834500,7:47 PM - 25 Feb 2018,out of the ripple the pterodactyl  in the heron  ,,Null,5,14
967968685385224192,zennjenn | poet,16403269,7:44 PM - 25 Feb 2018,February 25  2018 ,https://afullcupoftea.wordpress.com/2018/02/25/february-25-2018-nahaiwrimo-haiku-micropoetry/,Null,0,0
967968246824611840,dansimpson_ebooks,832995688757735426,7:43 PM - 25 Feb 2018,A ,,Null,0,0
967968208127864833,å°åŸã‚Šã‚‡ã†,64749370,7:42 PM - 25 Feb 2018,ã€ã“ã“ã§ä¸€å¥ã€‘ - ç™½é…’ã« é…”ã†ã¯å›ã® é¢å½±ã‹ ,,Null,0,0
967967803025260544,Haiku Reply Bot,907346561490984963,7:41 PM - 25 Feb 2018,Tweet me a word/name. I will tweet back a haiku.  Jimmy Carter effort James Especially in over Diminutive form ,,Null,0,0
967967317786333184,Haiku9000,895437625540186112,7:39 PM - 25 Feb 2018,Trusting the Buddha  good and bad   under the piled-up snow  pricks like a bramble.  -HaikuGenBoti ,,Null,0,0
967967218255515648,Michael Walters,466179872,7:39 PM - 25 Feb 2018,Great friends and good food A great way to end the week What will Monday bring?  ,http://drivebyhaiku.wordpress.com,Null,0,1
968162765385949184,In Seventeen,899691367433162752,8:36 AM - 26 Feb 2018,Even little wings are strong enough to carry love across the world. ,,Null,14,54
968145273859072005,Janice Reynolds,24605959,7:26 AM - 26 Feb 2018,Pull up our bootstraps ~ stand firm on our solid ground ~ keep guns from killing  ,,Null,2,8
967972984148258818,çœç¥bot,175682542,8:01 PM - 25 Feb 2018,ã‚‚ã®éŸ³ã‚„äººã®ã„ã¾ã¯ã®çš¿å°é‰¢ã€€ä¸‰æ©‹æ•é›„ã€çœç¥ã€ ,,Null,0,1
967966651147833344,@575on,763050374462922752,7:36 PM - 25 Feb 2018,my dick has a beard cup my balls and feed me grapes a hug from heaven ,,Null,0,0
967964860423184384,å®®å‚å¤‰å“²,18622002,7:29 PM - 25 Feb 2018,ãã®ä¸­ã«å®‡å®™é–‰ã˜ã“ã‚ã—ã‚ƒã¼ã‚“ç‰  ,,Null,0,5
967964215968284672,Lars Berdon,291502224,7:27 PM - 25 Feb 2018,Closing ceremony  The dog  On its back   ,,Null,0,1
967964200395001857,dr.richa bhardwaj,147871831,7:27 PM - 25 Feb 2018,And she thought she needed to be healed? ,https://www.instagram.com/p/BfpCnhNFGSG/,Null,1,2
967963051956764673,Michael R Lawrence,220760593,7:22 PM - 25 Feb 2018,Your mind holds a secret Hidden under your thoughts You are love  ,,Null,0,3
967962643771179008,ant ant ant ant ant,1388516370,7:20 PM - 25 Feb 2018,every utensil has a name blue light keeps us awake  ,,Null,2,4
967962554700935168,ã¾ã‚†ã•ã¡â…±201777:å°‘ã—ãšã¤,816178470317264896,7:20 PM - 25 Feb 2018,æœ¨ç«‹ã®å…ˆã®é‡ã¯ã½ã£ã‹ã‚Šã¨æ±ä¸€è¯  ,,Null,2,53
967962304229924864,Limericku,2579716200,7:19 PM - 25 Feb 2018,Adrift in deep space  Took an arrow in the knee  Mexican bean hat.  ,,Null,0,0
967961711603937280,Wayne Ingle,17178984,7:17 PM - 25 Feb 2018,Null,,Null,0,0
967961699407056897,Jari Lairolahti,305526924,7:17 PM - 25 Feb 2018,Good morning to you  take it easy and enjoy  it fully now too! ,,Null,0,0
967961638706937859,Wayne Ingle,17178984,7:16 PM - 25 Feb 2018,Null,,Null,0,0
967961320950648832,trumpku,824275523345879040,7:15 PM - 25 Feb 2018,Null,,Null,1,4
967960908646572032,Hourly Haiku,809471901466771461,7:13 PM - 25 Feb 2018,A Spanish market: An alive townhouse Jumps through a chipmunk ,,Null,0,0
967960499035009024,Haiku Reply Bot,907346561490984963,7:12 PM - 25 Feb 2018,A haiku made from the tweets of: ,,Null,0,0
967958898333265920,ã‚«ãƒ«ãƒˆæ•™ä¼šç ”ç©¶æ‰€,1819728451,7:05 PM - 25 Feb 2018,ç€è†¨ã‚Œã®ãƒ‘ãƒ¯ãƒãƒ©ç‰§å¸«æš´è¨€ã™ æ¯ç™½ããƒ‘ãƒ¯ãƒãƒ©ç‰§å¸«ç™»å£‡ã™ å†¬æ™´ã‚„ãƒ‘ãƒ¯ãƒãƒ©ç‰§å¸«ã‚’å‘Šç™ºã™ æ¥µæœˆã‚„ãƒ‘ãƒ¯ãƒãƒ©ç‰§å¸«ã‚¯ãƒ“ã¨ãªã‚‹ å†¬ã–ã‚Œã‚„ç‰§å¸«ã®æš´è¨€å¹ãã™ã•ã¶ ä»Šæœã®å†¬ãƒ‘ãƒ¯ãƒãƒ©ç‰§å¸«ã¨å¯¾æ±ºã™ å†¬ã‚ãã‚„æ‚ªé­”ã®å¦‚ãç‰§å¸«å±…ã¦ ç€è†¨ã‚Œã‚„ãƒ‘ãƒ¯ãƒãƒ©ã°ã‹ã‚Šã®ç‰§å¸«ã©ã‚‚ ,,Null,0,0
967958802669617152,ä¿³å¥è‡ªå‹•ä½œæˆ,277522471,7:05 PM - 25 Feb 2018,ãµã¨ã“ã‚ã«æ°´ã‚‚å‹•ãã‚„ã“ã¼ã‚Œå±…ã‚Šã€ä¿³å¥è‡ªå‹•ä½œæˆã€‘ ,,Null,0,0
967958525648322560,The Haiku Nerd,4902048258,7:04 PM - 25 Feb 2018,Monsters of the world Vicious violent very vile Best to stay inside  ,,Null,0,0
968139852297388032,agnes bookbinder,3028140312,7:05 AM - 26 Feb 2018,a raspberry fool  a lemon tart  apple pie - love to eat my words  ,,Null,6,28
968138122369236992,Valerie Fern,281576925,6:58 AM - 26 Feb 2018,at the cusp of before and after standing motionless  ,,Null,6,9
967958376792580096,RC,262448309,7:03 PM - 25 Feb 2018,Olympics after Ski  Curl  Skate  board and bobsled Now K Pop - huh?  ,,Null,0,0
967958360472543233,é›ªå›½å±‹ã®è¨€è‘‰å¸³,707457721608630272,7:03 PM - 25 Feb 2018,ç›®è¦šã¾ã—ã®ç”¨æ„ã¯ã„ã‚‰ã¬ã‚¯ãƒ“ã ã‹ã‚‰  ,,Null,0,0
967957971954229248,John Wisdom,302748080,7:02 PM - 25 Feb 2018,Null,,Null,16,28
967957904962695168,çœç¥bot,175682542,7:02 PM - 25 Feb 2018,æ­»æ°´ã‚„æ˜¥ã¯ã¨ã»ãã¸æ°´æµã‚‹ã€€ä¸‰æ©‹æ•é›„ã€çœç¥ã€ ,,Null,0,0
967957477907148808,Jane Austen Haiku,2587908007,7:00 PM - 25 Feb 2018,Can the old lady But however he did not I am quite ready  ,,Null,0,0
967957438086303745,Bruce Jewett,22523897,7:00 PM - 25 Feb 2018,Null,,Null,0,2
967956309772402688,Kyosuke Kitaoji,1064748006,6:55 PM - 25 Feb 2018,Il y a des lignes paralleles qui traversent quelque jour.ã€€,,Null,0,0
967954964210470916,Bharathy VPrakash,31745115,6:50 PM - 25 Feb 2018,Droplets from blue sky ~ Refreshing to bloom our hearts ~ The tears from heaven ,https://www.instagram.com/p/BfpJYirHZul/,Null,0,0
967954474433040385,haiku,1423102158,6:48 PM - 25 Feb 2018,å¤ã®æ²³èµ¤ãé‰„é–ã®ã¯ã—æµ¸ã‚‹ã€€èª“å­ã€€,,Null,0,0
967953823762350080,TwitKing,803201447739453440,6:45 PM - 25 Feb 2018,Null,,Null,0,0
967953822386741249,Poetry Pea,925002583932104704,6:45 PM - 25 Feb 2018,Looking for Haiku ,https://buff.ly/2sR8GjX,Null,0,2
967953200732168193,Amy Wenk,955557454988894209,6:43 PM - 25 Feb 2018,Null,,Null,0,2
967953128200065024,Viviana,35110106,6:43 PM - 25 Feb 2018,Black eyes Gleam of soul  My love ,,Null,0,1
967952309237018625,DrHaikuBot,888744205253824512,6:39 PM - 25 Feb 2018,constantly ,,Null,0,0
967951680045072385,ã¤ã¶ã‚„ãçŸ­æ­Œâ™¥ï¼«,123280239,6:37 PM - 25 Feb 2018,ã€Šã€€æµ®ã‹ã‚ŒçŒ«å®¶å‡ºå¨˜ã¨ãªã‚Šã«ã‘ã‚Šã€€ã€‹  ï¼Šè¨‚æ­£ï¼Šã€€ã€€ ã•ãã»ã©ã¯æ‰“ã¡é–“é•ãˆã¦ã€€ã€Œã‘ã‚Šã€ã®ã¤ã‚‚ã‚ŠãŒã€Œã‹ã‚Šã€ã« ã€Œã‘ã‚Šã€ã®æ–¹ãŒåã¾ã‚ŠãŒã‚¤ã‚¤ã§ã™ã‚ˆã­  ,,Null,1,4
967951466181767168,Jennifer Rapp,326419590,6:36 PM - 25 Feb 2018,passion so blind ,,Null,2,2
967951187285827584,Extra Special Bitter,111669399,6:35 PM - 25 Feb 2018,ancient cemetery -- dead flowers every morning ,,Null,5,11
967950649718648832,Poetry and Me,624653355,6:33 PM - 25 Feb 2018,The latest The Poetry and Me Daily Part 3! ,https://paper.li/GoodPoetryBlog/1341585137?edition_id=638d9190-1a9d-11e8-a20f-0cc47a0d164b,Null,0,1
968138098621153280,Janice Reynolds,24605959,6:58 AM - 26 Feb 2018,Advocating change ~ young people fighting the fight ~ using words not guns  ,,Null,6,11
968137561309761536,Â¡ r e n e,856912273855488000,6:55 AM - 26 Feb 2018,Null,,Null,6,23
967949870806966272,ã¤ã¶ã‚„ãçŸ­æ­Œâ™¥ï¼«,123280239,6:30 PM - 25 Feb 2018,ã€ã¤ã¶ã‚„ãçŸ­æ­Œ,,Null,0,1
967949844554842113,Cutup Bot,737644722920034304,6:30 PM - 25 Feb 2018,The best ideas are  usually not complex.  I am a flight risk.       ,,Null,0,0
967949221054660608,ğŸ‡¨ğŸ‡¦ ğ—£ğ—²ğ˜ğ—²ğ—¿ ğ—š ğ— ğ—¶ğ˜ğ—°ğ—µğ—²ğ—¹ğ—¹,3248255449,6:27 PM - 25 Feb 2018,Null,https://twitter.com/amazlngnature/status/967909479684759553,Null,0,1
967948267484000256,The Imperial Talker,3245184106,6:23 PM - 25 Feb 2018,If you vote  you will win the gift of me writing semi-decent ,https://twitter.com/imperialtalker/status/967788967268581376,Null,1,2
967948148051271682,haikuzao,722537007906471936,6:23 PM - 25 Feb 2018,red leaves and fog thoughts memory of proghte  ,,Null,0,0
967948141147316225,Shane Noble,21162391,6:23 PM - 25 Feb 2018,"Hanging By a Thread"  ,https://www.facebook.com/ShaneNoblePhotography,Null,0,1
967947391298027520,Bruce Jewett,22523897,6:20 PM - 25 Feb 2018,Null,,Null,1,2
967946831681306624,Felicia Denise,26012231,6:18 PM - 25 Feb 2018,Writing ,https://4writersandreaders.com/2018/02/25/writing-haiku-winter-ensemble-haiku-by-bette-a-stevens/,Null,1,1
967946687925776384,CongregationAleHouse,121852298,6:17 PM - 25 Feb 2018,Enjoy the rest of your Sunday evening with us! For now  Hereâ€™s a Haiku written by bRother Roberto to wrap up the weekend.   Feeling right at home An ale for me and you too Save room for dessert  ,,Null,0,0
967945802428682240,Hourly Haiku,809471901466771461,6:13 PM - 25 Feb 2018,The extreme mother Walks near an extreme mother: A cautious morning ,,Null,0,0
967945109261168641,ã¤ã¶ã‚„ãçŸ­æ­Œâ™¥ï¼«,123280239,6:11 PM - 25 Feb 2018,ã€ä»Šæ—¥ã®å­£èª2982ãƒ¼æµ®ã‹ã‚ŒçŒ«ã€ã€ŒçŒ«ã®æ‹ã€ã®å‚é¡Œã®ä¸€ã¤ã€ã€Œæ‹çŒ«ãƒ»æ˜¥ã®çŒ«ã€ãªã©ã¨ã‚‚ã€‘  ã€Šã€€è¶³å–ã‚Šã®ãªã«ã‚„ã‚‰ãƒ¯ãƒ«ãƒ„æµ®ã‹ã‚ŒçŒ«ã€€ã€‹  ã€Šã€€æµ®ã‹ã‚ŒçŒ«ã“ã®é ƒç›®ã¤ãå®šã¾ã‚‰ãšã€€ã€‹  â—†æµ®ã‹ã‚ŒçŒ«å…‰æ‚¦å£ã‚’ãã‚‰ã¤ã‹ã™(é‡å£ä¹…æ „) ã€€ ,,Null,1,3
967945037383380992,Lune,824003338580688896,6:10 PM - 25 Feb 2018,La cÃ©rÃ©monie d'inauguration du monument Ã©rigÃ© en mÃ©moire des haijins persecutÃ©s au Japon pendant la Seconde Guerre mondiale  a eu lieu le 25 fÃ©vrier 2018 Ã  Nagano. ,https://twitter.com/mabesoone/status/967935579852759040,Null,2,3
967945019129810945,Nik Havert,372677665,6:10 PM - 25 Feb 2018,2018 Day 55: Almost done with book  / so I'm starting another. / Starting to sort plots. ,,Null,0,0
967944940201312256,Michael R Lawrence,220760593,6:10 PM - 25 Feb 2018,Reach for more Look in new directions Only you can limit you  ,,Null,1,0
967944933784064000,Seenwich,778569547964186625,6:10 PM - 25 Feb 2018,[Haiku] Rap Glob ,https://seenwich.com/watch?v=IHkAez,Null,0,0
967944820747587584,Mike Friedman,1491667722,6:10 PM - 25 Feb 2018,Haiku by Sunshine   ,http://amzn.to/1Bd31gT,Null,0,0
967944569672404993,Ellen Girardeau Kempler,155798353,6:09 PM - 25 Feb 2018,Here I stand  rooted /on the light-and-shadow path./Sunny  chilly day.,https://buff.ly/2GG5rhi,Null,0,0
967944375295602689,INFidel,3104455267,6:08 PM - 25 Feb 2018,I'm already buzzed might not make it through the night ,,Null,0,0
968134115152232448,C. O'Banion Smith,2373078018,6:42 AM - 26 Feb 2018,In the ,http://www.dictionary.com/wordoftheday/2018/02/26,Null,4,6
968124275851972609,markh,814508067618521089,6:03 AM - 26 Feb 2018,our flat whites; among the squabbling geese  a swan glides   ,,Null,2,8
968117621622280194,Earl R. Keener,1935834500,5:36 AM - 26 Feb 2018,last night a fox barking at my window left me more wonder  ,,Null,1,7
968107359108202497,Al M, Words and Music,705185439179808768,4:55 AM - 26 Feb 2018,While I watched you speak the earth spun from start to end  maybe  I donâ€™t know.   ,,Null,10,34
968104087580561409,Rory gan Dabht,793800317473263616,4:42 AM - 26 Feb 2018,whistling east wind - I think there may be a hole in one of my teeth  ,,Null,4,9
968102781100867586,Jenn R-J,36666530,4:37 AM - 26 Feb 2018,Leave mind's door open For the raven guard to perch Build nests in her hair ,,Null,1,3
968102664847417344,J. AnnRey,4655941337,4:37 AM - 26 Feb 2018,Forget me nots heard Whispered at the witching your Awakening me again...  ,,Null,3,7
968092363657744385,Extra Special Bitter,111669399,3:56 AM - 26 Feb 2018,summer mist -- a recipe for homemade soup ,,Null,5,10
968091034466115584,HaikuD2ğŸŒ±,573601088,3:51 AM - 26 Feb 2018,On the other sideÂ â€¢ Of what you fear is knowledgeÂ â€¢ And understanding Â Â â€”,,Null,4,10
968089692574019584,Haiku Hare,1345880526,3:45 AM - 26 Feb 2018,Take some time for You. Get out and explore your world  or chill with a friend.  ,,Null,1,8
968089624961867776,Musashi,951928866699907072,3:45 AM - 26 Feb 2018,I told her 'come closer' 'Impossible' her answer She came hard twice  ,,Null,1,4
968063286112604161,Steven Chernick,262045518,2:00 AM - 26 Feb 2018,firefly  plucking stars  from the grass   ,,Null,22,47
968053006976671744,ExeterAuthorsAs,775025012331937792,1:19 AM - 26 Feb 2018,Introducing the poetry of P.J. Reed   visit ,http://pjreedwriting.jigsy.com,Null,2,3
968051470049464321,Hourly Haiku,809471901466771461,1:13 AM - 26 Feb 2018,A burrowing owl Quickly tries to see across The joyful turtle ,,Null,1,0
968049627219062784,Paul Judges,132096492,1:06 AM - 26 Feb 2018,Hunting exposed flesh - Siberia's savage bite - lethal shards of ice.  ,http://www.bookbutler.co.uk/search?isbn=0244329702,Null,19,26
968049480091267072,kitedeath,3076281522,1:05 AM - 26 Feb 2018,Everyone seemed monged  out and retarded at the  shops tonight.... Dull sounds. ,,Null,0,2
968045643280371712,Christopher Orme,163825709,12:50 AM - 26 Feb 2018,It was meant to be  Walk over a windy bridge  Just found a five ,,Null,0,6
968036550557696005,Ellen Grace,720584564645695488,12:14 AM - 26 Feb 2018,They found a virgin in the snow  and they guarded her till she awoke.  ,,Null,2,5
967943536917270535,Silo Haiku,771776581509545984,6:04 PM - 25 Feb 2018,Meditate on ,,Null,0,0
967942978558808064,æ˜­å’Œä¸‰åå¹´ä¸–ä»£bot,178305815,6:02 PM - 25 Feb 2018,æˆ°è‰¦ã‚’æ²ˆã‚ã¦ç§‹ã®æ°´ä½ã‹ãªã€€ä¸­åŸé“å¤«ã€æ­·è‰ã€ ,,Null,0,0
968048056536006656,Jane Austen Haiku,2587908007,1:00 AM - 26 Feb 2018,It cannot last long Is it impossible to You are joking lizzy  ,,Null,0,0
968045436702543872,haikuzao,722537007906471936,12:49 AM - 26 Feb 2018,morning the sound of cheeks her catfoma  ,,Null,0,1
968042906534768640,DrHaikuBot,888744205253824512,12:39 AM - 26 Feb 2018,factory ,,Null,0,0
968042837970472962,CamShyGuy,3238571214,12:39 AM - 26 Feb 2018,The Web's been abused Useful infos are for free But we ignore it  ,,Null,0,0
968040229029531648,The Gesualdo Six,2515622250,12:29 AM - 26 Feb 2018,Vista of sunset  Somerset cricket green claimed - Scorecard to follow.   ,,Null,0,4
968038131239854080,The Haiku Nerd,4902048258,12:20 AM - 26 Feb 2018,Keep writing those words Fingers ready at the keys Fill those blank pages  ,https://twitter.com/writer_434/status/967789336581242881,Null,1,3
968036728706682880,Cutup Bot,737644722920034304,12:15 AM - 26 Feb 2018,Here are five waysâ€¦ When  ,,Null,0,0
968036361147174912,Hourly Haiku,809471901466771461,12:13 AM - 26 Feb 2018,The tiny puppy Walks from an evil river: A simple townhouse ,,Null,0,0
968035919101009920,TARDIS Cabinets,15977224,12:12 AM - 26 Feb 2018,Sunday in Eugene  Oregon...  Settled into a dark dreary day of downpours. Nice muted colors.  ,,Null,0,7
968031954066165761,James Appleby,20329554,11:56 PM - 25 Feb 2018,Slither Trump serpent  Head of misogynist blonde Body of fools gold  ,,Null,2,4
968030681212379136,Simon Leather,929413796,11:51 PM - 25 Feb 2018,Raucous rooks railing. Sable  swooping  skyward sailing  Disturb my morning ,,Null,1,2
968028595380736000,575haiku,810950933094010881,11:42 PM - 25 Feb 2018,Day light creeps inside Bouquet of hair next to me Soft breeze on my cheek  ,,Null,0,5
968027045417668608,@575on,763050374462922752,11:36 PM - 25 Feb 2018,- said no one ever i bet you're crying right now ,,Null,0,0
968023903934320646,Bob Jones,2192809501,11:24 PM - 25 Feb 2018,Prayers for spring answered Nature turns its face towards the life-giving light. ,,Null,0,1
968022705957109760,Limericku,2579716200,11:19 PM - 25 Feb 2018,There once was a hen  I have a peeing-eye dog.  Mountain of sorrow  ,,Null,0,1
968021275229806594,Hourly Haiku,809471901466771461,11:13 PM - 25 Feb 2018,The extreme mountain Goes above a large fairy: A loving Monday ,,Null,0,0
968020932685172736,degloved,2320033684,11:12 PM - 25 Feb 2018,heavily  tattooed  face unsettling  hard  core  coffee  shop soya  milk  ,,Null,3,19
968018878293999616,Haiku Reply Bot,907346561490984963,11:04 PM - 25 Feb 2018,Tweet me a word/name. I will tweet back a haiku.  Accidentally Circumstances chance Incidental occurrence Prevented avoid ,,Null,0,1
968018435174293504,TwitKing,803201447739453440,11:02 PM - 25 Feb 2018,Null,,Null,0,0
968015030364098560,haikuzao,722537007906471936,10:49 PM - 25 Feb 2018,Saturday night end of valently moon in a park  ,,Null,0,2
968019944414867456,Nytheone Matt,2338006441,11:08 PM - 25 Feb 2018,You havenâ€™t lost weight Until somebody tells you You look much thinner ,,Null,0,2
968019222017097729,ä¿³å¥è‡ªå‹•ä½œæˆ,277522471,11:05 PM - 25 Feb 2018,ã¯ã ã‹ã®æœ¨é™½å·®ã—æ±‚ã‚ã¦å½±ã®ã³ã¦ã€ä¿³å¥è‡ªå‹•ä½œæˆã€‘ ,,Null,1,1
968018839261851649,Austin HackneyâœğŸ‡ªğŸ‡º,2565558416,11:04 PM - 25 Feb 2018,Still as a mountain I watch the ruffled raven  shocked by sudden snow.  (c)AGHackney ,,Null,3,7
968018282480480256,çœç¥bot,175682542,11:01 PM - 25 Feb 2018,èŸ¬ã®æ®»æµã‚Œã¦å±±ã‚’é›¢ã‚Œã‚†ãã€€ä¸‰æ©‹æ•é›„ã€çœç¥ã€ ,,Null,0,0
968018009741844481,RondaD PNR UF Author,13906682,11:00 PM - 25 Feb 2018,How can ,http://writeonpurpose.com/7509/writing-skills/writing-prompts-2/writing-prompts-how-can-haiku-help-your-writing,Null,0,0
968017856372846592,Jane Austen Haiku,2587908007,11:00 PM - 25 Feb 2018,I am dear sir c I shall leave you together What felicity  ,,Null,0,0
968017679448772609,Lorenzo Bianco,2885923785,10:59 PM - 25 Feb 2018,Il bianco copre puoi riscrivere il mondo farlo da capo ,,Null,0,0
968015802975772673,~IM NOT PSYCHO~,964077828,10:52 PM - 25 Feb 2018,now in bloom I feel/ under blue skies ironic/ snowflakes on my skin. ,,Null,0,1
968015619231641600,Andi,965846257750097920,10:51 PM - 25 Feb 2018,who hath broke the man  that loves guns more than children  who killed that soul  ,,Null,0,0
968014938575798272,haiku,1423102158,10:48 PM - 25 Feb 2018,æ±šã‚Œé›ªä¸–é–“ä¸¦ã«ã¯ã¨ã‘ã¬ä¹Ÿ ä¸€èŒ¶ã€€,,Null,0,1
968014832199847936,ä¿³å¥ãƒ»çŸ­æ­Œãƒ»åå¥bot,620710910,10:48 PM - 25 Feb 2018,æŸ¿ï¼ˆã‹ãï¼‰ããˆã°ã€€é˜ï¼ˆã‹ã­ï¼‰ãŒãªã‚‹ãªã‚Šã€€æ³•éš†å¯º ã€€æ­£å²¡å­è¦ ã€€,,Null,0,0
968014340233334784,Poetry Pea,925002583932104704,10:46 PM - 25 Feb 2018,Do you write Haiku? Do you have a submission for us? The ,https://buff.ly/2GJt88A,Null,0,2
968013966864773120,Talulah NaakrÃ©,573973484,10:44 PM - 25 Feb 2018,Null,https://twitter.com/john34239/status/968011174062231552,Null,0,0
968013312679059456,è¬å±‹ä¸‡å‰,76180777,10:42 PM - 25 Feb 2018,æµ®ã‹ã‚ŒçŒ«ã€€æ—¥å‘ã¼ã£ã“ã«ã€€å«å¸°ã‚‹ ,,Null,1,0
968013017647648770,HaikuD2ğŸŒ±,573601088,10:41 PM - 25 Feb 2018,If you hate librasÂ â€¢ You probably are uglyÂ â€¢ & have depression Â Â â€”,,Null,0,3
968012983552086017,Leonardo Tricarico,2881852102,10:40 PM - 25 Feb 2018,cade la neve - la coltre bianca distesa su mari e monti  ,,Null,2,5
968012707269152768,DrHaikuBot,888744205253824512,10:39 PM - 25 Feb 2018,take ,,Null,0,0
968012562968317952,Haiku9000,895437625540186112,10:39 PM - 25 Feb 2018,O snail  a gentle wave  with sandals in my hands!  -HaikuGenBoti ,,Null,0,0
968012428947714048,EstebanPÃ©rezSÃ¡nchez,329244849,10:38 PM - 25 Feb 2018,Manto de olas para cubrir el tiempo de rosas blancas.  ,http://www.instagram.com/estebanperez.sanchez/,Null,13,65
968011584546238465,Haiku Reply Bot,907346561490984963,10:35 PM - 25 Feb 2018,A haiku made from the tweets of: ,,Null,0,1
968011574098251776,Dr. Betsy Weinstock,867583373199503365,10:35 PM - 25 Feb 2018,Null,http://tl.gd/n_1sqet5o,Null,2,2
968010252867293187,ä¿³å¥å·æŸ³æŠ•ç¨¿ã‚µãƒ¼ãƒ“ã‚¹hai9,912118908441657345,10:30 PM - 25 Feb 2018,ã€ãƒ”ãƒƒã‚¯ã‚¢ãƒƒãƒ—ã€‘å°æ¾¤ã»ã®ã‹ã•ã‚“ã®å¥ã€æ°—ãŒã¤ã‘ã° ãƒãƒ„ãƒªãƒãƒ„ãƒªã¨ æ¢…ã®èŠ±ã€ ,https://www.hai9.space/haikus/2831,Null,0,1
968009910817615872,Seffora SaraÃ¯ âšœï¸,826864562012057600,10:28 PM - 25 Feb 2018,N'aie pas peur de mourir Tu le fais souvent Ton sommeil et tes rÃªves  ,,Null,1,1
968008780238802944,Nicholas Lannan,916538509,10:24 PM - 25 Feb 2018,When you're at a low Affogato and rooibos Do something for you  ,,Null,0,5
968008417246720001,è¬å±‹ä¸‡å‰,76180777,10:22 PM - 25 Feb 2018,ã¨ã¨æ¥ã‚Œã°ã€€ãƒ¤ãƒ³è¡†æ¥ã‚‹ã€€ç¦ã®ç¥ä¿³å¥ ,,Null,0,0
968008271847215104,Max,1360077691,10:22 PM - 25 Feb 2018,Itâ€™s one twenty now. I really want Mac and cheese. Should I make  some food?  ,,Null,0,2
968007249003196416,Charlotte Digregorio,20604318,10:18 PM - 25 Feb 2018,Follow The Daily Haiku. Today's Featured Poet is Mike Dillon. ,http://www.charlottedigregorio.wordpress.com,Null,0,0
968006183696166913,Hourly Haiku,809471901466771461,10:13 PM - 25 Feb 2018,The pleasant mother Lopes above a high pasta: A cautious forest ,,Null,0,0
968006037818273794,Trump Haiku,823998347623223297,10:13 PM - 25 Feb 2018,The murderer wore a red MAGA hat. Does that make president proud? ,https://www.salon.com/2018/02/22/trump-and-parkland-vicious-racism-as-permission-for-violence/,Null,3,2
968005785862078464,La pause haÃ¯ku,4590729083,10:12 PM - 25 Feb 2018,[#739]  Deux serpents faisant riviÃ¨re Devant des gris indolents â€“ Le temps pleure dans l'encore.  - RB ,https://www.haikubreak.fr/haiku-739/,Null,0,1
968004314789752832,Haiku Reply Bot,907346561490984963,10:06 PM - 25 Feb 2018,Tweet me a word/name. I will tweet back a haiku.  Language Contact expressions Cultural Somali makes Producing the brain ,,Null,0,0
968004270246199297,The legitimate santa,840490644204224512,10:06 PM - 25 Feb 2018,Sometimes I think I  am really hot and sometimes  I think I am not  ,,Null,0,0
968003349009203200,æ˜­å’Œä¸‰åå¹´ä¸–ä»£bot,178305815,10:02 PM - 25 Feb 2018,çœ¼é¡ã¨ã‚Œã°æˆ‘ã‚‚å¤äººã‚„ç§‹ç‡•ã€€ç”°ä¸­è£•æ˜ã€å¤œã®å®¢äººã€ ,,Null,0,1
968002284230729729,TwitKing,803201447739453440,9:58 PM - 25 Feb 2018,Null,,Null,0,1
968002007196893185,Pidgy â™‚ï¸,927888503614124033,9:57 PM - 25 Feb 2018,Amants Ã©ternels  Ils n'avaient qu'eux d'horizons  Voyages au ciel  ,,Null,0,6
967999818063798272,haiku,1423102158,9:48 PM - 25 Feb 2018,é¢ç™½ã†èã‘ã°èœ©å¤•æ—¥ã‹ãªã€€ç¢§æ¢§æ¡ã€€,,Null,0,1
967998404511985664,å°åŸã‚Šã‚‡ã†,64749370,9:42 PM - 25 Feb 2018,ã€ã“ã“ã§ä¸€å¥ã€‘ - èƒ¸å¼¾ã‚€ã€€æµ´è¡£å§¿ã¯ã€€å¤§äººã³ã¦ ,,Null,0,0
967997587327520768,Robin Moody,958103712521596928,9:39 PM - 25 Feb 2018,marble concrete steel stilettos icicicles eyes my father of Lies ,,Null,0,0
967997250348703744,Talulah NaakrÃ©,573973484,9:38 PM - 25 Feb 2018,Null,https://twitter.com/bernardpivot1/status/967647054481842176,Null,0,0
967996848009920512,@575on,763050374462922752,9:36 PM - 25 Feb 2018,everyone gets hurt i have never felt better you're not herpes ,,Null,0,0
967995038524358657,Kelly Lynn Peters,3098450160,9:29 PM - 25 Feb 2018,Null,,Null,0,1
967993720439279617,Michael R Lawrence,220760593,9:24 PM - 25 Feb 2018,Moving through life Riding the winds of consciousness The experience of joy  ,,Null,0,2
967992913279045633,Limericku,2579716200,9:21 PM - 25 Feb 2018,There once was a butt  Come on baby  light my fire  Wherfore art thou  bruh? ,,Null,0,0
967992636660314113,Haiku Collider,799540479931064321,9:20 PM - 25 Feb 2018,deadlock fern coated / edged cluck misconception thrift / epidemic slav ,,Null,0,0
967991083035750400,Hourly Haiku,809471901466771461,9:13 PM - 25 Feb 2018,The hungry treasure Crawls inside a smart lawyer: A simple market ,,Null,0,0
967990797910949889,emma,3098804160,9:12 PM - 25 Feb 2018,ç§‹ã‚ˆã‚Šå†¬ã¸ç ¥çŸ³ã¾ã‚“ãªã‹ã‚ˆã‚Šå‡¹ã‚€ ,,Null,0,0
967990254522327041,Seenwich,778569547964186625,9:10 PM - 25 Feb 2018,[Haiku] Girl uses BABY as an UMBRELLA ,https://seenwich.com/watch?v=JnjDii,Null,0,0
967990251783409664,Professor Potato,821220275484114948,9:10 PM - 25 Feb 2018,A trail of pennies Leads the visitors astray: The forgotten lands.  ,,Null,0,0
967989815323971584,Ardelle Ray,922275933297418240,9:08 PM - 25 Feb 2018,a cut above  a cut below-- the kilt's too short ,,Null,0,1
967989690950352896,Haiku Reply Bot,907346561490984963,9:08 PM - 25 Feb 2018,Tweet me a word/name. I will tweet back a haiku.  Kingdom Principle over Adopted belonging Cook Commonwealth Denmark ,,Null,1,1
967989015835115521,Haiku_in_English,807914988,9:05 PM - 25 Feb 2018,Ebony parchment one by one the rock crabs waiting for winter ã€Automatic construction of English haikuã€‘ ,,Null,0,0
967988090475184129,çœç¥bot,175682542,9:01 PM - 25 Feb 2018,å¤•æ™¯ã‚„é™ã‚ã™æ°£çƒã®ã‚ãŸã¾ä¸€ã¤ã€€ä¸‰æ©‹æ•é›„ã€çœç¥ã€ ,,Null,0,0
967987684219215872,Jane Austen Haiku,2587908007,9:00 PM - 25 Feb 2018,Who is to dance who But it must not shall not be They are not far off  ,,Null,0,0
967986709722836992,Erin Haslund,415169027,8:56 PM - 25 Feb 2018,The night gave me news Words the birds whispered about  Love was on its way ,,Null,0,1
967986184835117056,æ‚ª AKU æ‚ª,846229343068041216,8:54 PM - 25 Feb 2018,Null,,Null,1,7
967986133304004608,TwitKing,803201447739453440,8:54 PM - 25 Feb 2018,Null,,Null,0,0
967985444167172096,Happy Chairman,2868364319,8:51 PM - 25 Feb 2018,Lay off Stephanie She's not the only one fooled Wife  church  voters...lots  ,,Null,0,2
967985287627501568,Ali ğŸ¦„âœ¨,715430137,8:50 PM - 25 Feb 2018,â€œThe calm blue ocean. Sun lights up the monsterâ€™s eye. He sees me... Whale food.â€ ,,Null,0,1
967985255960457216,Steven Chernick,262045518,8:50 PM - 25 Feb 2018,new stormtrack  another broken  promise    ,,Null,4,6
967984712118452225,haiku,1423102158,8:48 PM - 25 Feb 2018,æ˜¥é›¨ã‚„å¤§æ¬ (ã‚ãã³)ã™ã‚‹ç¾äººå“‰ ä¸€èŒ¶ã€€,,Null,0,0
967984632410050566,haikuzao,722537007906471936,8:48 PM - 25 Feb 2018,the church shadow the holes death  ,,Null,0,0
967984424489910272,ç¯‰èˆ˜å‘‘ç©º,248200149,8:47 PM - 25 Feb 2018,ä½•æ™‚ã‚‚ã”æ„›èª­ã‚ã‚ŠãŒã¨ã†ã”ã–ã„ã¾ã™ã€‚                å®¢ã‚’å¾…ã¤ä¸€è¼ªã ã‘ã®ç´…æ¤¿  å‘‘ç©º   (ãã‚ƒãã‚’ã¾ã¤ã„ã¡ã‚Šã‚“ã ã‘ã®ã¹ã«ã¤ã°ã)                                                                        ,http://plaza.rakuten.co.jp/beterhalf,Null,3,18
967984138396594181,DrHaikuBot,888744205253824512,8:46 PM - 25 Feb 2018,Puppet  ,,Null,0,0
967984079332433920,Poetry Pea,925002583932104704,8:46 PM - 25 Feb 2018,Do you write Haiku? Do you have a ,https://buff.ly/2ESs2Xt,Null,0,0
967983942581207040,Looking Glass ï£¬,633183741,8:45 PM - 25 Feb 2018,Mighty chrome  flashing Blood red  a sharper steel sword Takes hearts  souls  and dreams  ,,Null,0,2
967983842031218693,Lolott74,2784399754,8:45 PM - 25 Feb 2018,HaÃ¯ku #392  Un temps rÃ©volu Lâ€™innocence sâ€™envole Le chagrin reste  ,,Null,0,1
967983766735081473,Israel Ekanem,2373357896,8:44 PM - 25 Feb 2018,No matter how close/ You might be with the person/ You'll detach someday ,http://www.israelekanem.com/detach-offkilter2018-57/,Null,0,0
967983766520999936,Jenn R-J,36666530,8:44 PM - 25 Feb 2018,Subtle alchemy Cast hearts into open flames And onyx emerges ,,Null,1,4
967983106975305729,Ğ¡Ğ¼ĞµÑÑ‰Ğ¸Ğ¹ÑÑ Ñ‡ĞµĞ»Ğ¾Ğ²ĞµĞº,256118779,8:42 PM - 25 Feb 2018,ĞœĞ½Ğ¾Ğ³Ğ¾ Ğ·Ğ²Ñ‘Ğ·Ğ´. ĞŸĞ»Ğ°Ğ½ĞµÑ‚ Ğ½Ğµ Ğ¼ĞµĞ½ÑŒÑˆĞµ. Ğ¡ Ğ¸Ğ¼ĞµĞ½ĞµĞ¼ Ğ’Ğ¸Ğ½ĞµÑ€Ğ°. ,https://www.instagram.com/p/BfpZnQ-FxQ0/,Null,0,0
967982719190802432,Happy Chairman,2868364319,8:40 PM - 25 Feb 2018,Need twitter tech help How to filter "periscope" To hide all the trash?  ,,Null,0,1
967982508246695936,DrHaikuBot,888744205253824512,8:39 PM - 25 Feb 2018,numeral ,,Null,0,0
967982395994583040,Haiku Reply Bot,907346561490984963,8:39 PM - 25 Feb 2018,Tweet me a word/name. I will tweet back a haiku.  Dummy Mannequin jointed Simulation fashions United Kingdom ,,Null,0,0
967981294301757440,ã¾ã‚†ã•ã¡â…±201777:å°‘ã—ãšã¤,816178470317264896,8:34 PM - 25 Feb 2018,æœ¬æ°—ãªã‚‰æ³£ã„ã¦ã¿ã›ã¦ã‚ˆæµ®ã‹ã‚ŒçŒ«  ,,Null,7,54
967980663184871424,Happy Chairman,2868364319,8:32 PM - 25 Feb 2018,Honest moderate? Arizona unicorn (i'll look if you will)  ,,Null,0,1
